{"stats":{"minecraft:dropped":{"minecraft:wheat_seeds":1,"minecraft:coal":60,"minecraft:jungle_slab":5,"minecraft:flowering_azalea":3,"minecraft:sand":1,"minecraft:string":2,"minecraft:smooth_sandstone":1,"minecraft:moss_carpet":4,"minecraft:coarse_dirt":71,"minecraft:rotten_flesh":1,"minecraft:flower_pot":1,"minecraft:iron_chestplate":2,"minecraft:azalea":3,"minecraft:wooden_pickaxe":1},"minecraft:killed_by":{"minecraft:player":4,"minecraft:spider":1,"mutantmonsters:mutant_skeleton":1,"minecraft:skeleton":3,"minecraft:zombie":1,"alexsmobs:tarantula_hawk":1,"alexsmobs:komodo_dragon":4},"minecraft:broken":{"minecraft:stone_pickaxe":1,"minecraft:stone_shovel":1},"minecraft:picked_up":{"minecraft:iron_chestplate":6,"minecraft:crafting_table":5,"minecraft:coarse_dirt":71,"minecraft:wheat":15,"minecraft:sandstone_slab":2,"minecraft:clay_ball":96,"minecraft:flower_pot":2,"minecraft:wooden_pickaxe":1,"minecraft:enchanted_book":25,"max_armory:diamond_machete":7,"minecraft:shield":2,"minecraft:string":2,"minecraft:moss_carpet":10,"minecraft:raw_copper":30,"alexsmobs:emu_feather":1,"minecraft:bucket":6,"minecraft:azalea":3,"minecraft:sugar_cane":3,"minecraft:stick":7,"minecraft:raw_iron":8,"minecraft:sandstone":15,"projectvibrantjourneys:bark_mushroom":2,"minecraft:torch":6,"minecraft:green_bed":1,"pointblank:gunmetal_nugget":81,"minecraft:stone_shovel":2,"minecraft:cactus":6,"minecraft:rotten_flesh":6,"minecraft:hay_block":2,"projectvibrantjourneys:cattail":1,"minecraft:glow_berries":9,"minecraft:mutton":1,"alexsmobs:kangaroo_meat":2,"minecraft:cobblestone":207,"minecraft:lime_bed":4,"minecraft:feather":2,"minecraft:jungle_log":28,"projectvibrantjourneys:fallen_leaves":4,"minecraft:cut_sandstone":14,"minecraft:red_mushroom":1,"minecraft:flint":9,"minecraft:lapis_lazuli":25,"minecraft:dirt":199,"minecraft:leather_boots":5,"minecraft:smooth_sandstone":12,"minecraft:bone":128,"minecraft:stonecutter":1,"minecraft:wheat_seeds":16,"minecraft:bell":1,"minecraft:stone_pickaxe":4,"minecraft:iron_ingot":60,"minecraft:moss_block":44,"minecraft:flowering_azalea":3,"projectvibrantjourneys:acacia_hollow_log":1,"minecraft:jungle_planks":36,"minecraft:sand":9,"minecraft:cyan_bed":1,"minecraft:jungle_slab":249,"alexsmobs:animal_dictionary":5,"minecraft:leather_helmet":11,"minecraft:iron_hoe":10,"minecraft:stone_axe":2,"minecraft:iron_helmet":2,"minecraft:bread":7,"minecraft:terracotta":10,"minecraft:coal":640,"minecraft:ender_pearl":30},"minecraft:crafted":{"minecraft:stone_shovel":1,"minecraft:furnace":1,"minecraft:stone_pickaxe":4,"minecraft:stone_hoe":1,"minecraft:wheat":18,"minecraft:crafting_table":1,"minecraft:stone_axe":2,"minecraft:jungle_slab":120,"minecraft:bread":10,"minecraft:air":0,"minecraft:jungle_planks":96,"minecraft:stick":16,"minecraft:iron_ingot":8,"minecraft:composter":1,"minecraft:acacia_planks":2,"minecraft:torch":12},"minecraft:used":{"minecraft:stone_shovel":135,"minecraft:shield":3,"minecraft:bell":1,"minecraft:stone_hoe":81,"minecraft:torch":12,"minecraft:dirt":90,"minecraft:jungle_planks":33,"minecraft:jungle_slab":98,"minecraft:iron_hoe":6,"projectvibrantjourneys:fallen_leaves":1,"minecraft:smooth_sandstone":1,"minecraft:jungle_log":4,"minecraft:furnace":1,"projectvibrantjourneys:cattail":1,"minecraft:water_bucket":1,"minecraft:stone_pickaxe":209,"minecraft:cut_sandstone":14,"minecraft:composter":1,"minecraft:green_bed":1,"minecraft:leather_boots":1,"minecraft:glow_berries":13,"minecraft:sand":7,"minecraft:crafting_table":6,"minecraft:lime_bed":4,"max_armory:diamond_machete":18,"minecraft:flower_pot":1,"minecraft:bread":14,"minecraft:cyan_bed":1,"alexsmobs:kangaroo_meat":2,"minecraft:leather_helmet":2,"minecraft:stone_axe":28,"minecraft:wooden_sword":16,"minecraft:cobblestone":119,"minecraft:bucket":1,"minecraft:sandstone_slab":2,"alexsmobs:animal_dictionary":3},"minecraft:killed":{"minecraft:skeleton":2,"alexsmobs:kangaroo":1,"minecraft:husk":2,"alexsmobs:guster":1,"alexsmobs:emu":1,"alexsmobs:gazelle":1,"alexsmobs:roadrunner":2,"alexsmobs:komodo_dragon":1,"alexsmobs:jerboa":1},"minecraft:custom":{"minecraft:mob_kills":13,"minecraft:interact_with_crafting_table":15,"minecraft:bell_ring":10,"minecraft:damage_dealt_resisted":70,"minecraft:leave_game":5,"minecraft:time_since_death":7218,"minecraft:climb_one_cm":2646,"minecraft:sprint_one_cm":258299,"minecraft:walk_one_cm":321366,"minecraft:damage_blocked_by_shield":180,"minecraft:drop":23,"minecraft:talked_to_villager":3,"minecraft:play_time":135109,"minecraft:deaths":21,"minecraft:sneak_time":3521,"minecraft:walk_under_water_one_cm":8853,"minecraft:boat_one_cm":35101,"minecraft:jump":3162,"minecraft:walk_on_water_one_cm":16146,"minecraft:total_world_time":135109,"minecraft:interact_with_furnace":5,"minecraft:sleep_in_bed":5,"minecraft:time_since_rest":637,"minecraft:damage_taken":7320,"minecraft:damage_dealt":1511,"minecraft:swim_one_cm":37516,"minecraft:fly_one_cm":621351,"minecraft:open_chest":23,"minecraft:crouch_one_cm":11001,"minecraft:fall_one_cm":128901},"minecraft:mined":{"minecraft:cut_sandstone_slab":1,"minecraft:jungle_slab":7,"minecraft:potted_cactus":1,"projectvibrantjourneys:rocks":3,"minecraft:cave_vines_plant":1,"minecraft:grass_block":88,"minecraft:jungle_planks":13,"minecraft:jungle_log":28,"minecraft:moss_block":49,"minecraft:sandstone":7,"minecraft:hay_block":2,"minecraft:iron_ore":8,"minecraft:moss_carpet":3,"minecraft:dirt_path":2,"minecraft:vine":3,"minecraft:cave_vines":2,"minecraft:flowering_azalea_leaves":1,"minecraft:azalea_leaves":2,"projectvibrantjourneys:seashells":1,"minecraft:stone":57,"minecraft:green_bed":1,"projectvibrantjourneys:cattail":1,"minecraft:sandstone_slab":2,"minecraft:cut_sandstone":14,"minecraft:torch":1,"minecraft:smooth_sandstone":11,"minecraft:clay":25,"minecraft:crafting_table":5,"projectvibrantjourneys:small_cactus":1,"projectvibrantjourneys:twigs":3,"minecraft:dead_bush":2,"projectvibrantjourneys:mossy_rocks":2,"minecraft:copper_ore":2,"minecraft:cobblestone":14,"minecraft:lapis_ore":1,"minecraft:cyan_bed":1,"projectvibrantjourneys:fallen_leaves":2,"minecraft:sugar_cane":2,"projectvibrantjourneys:acacia_hollow_log":1,"minecraft:wall_torch":3,"minecraft:lime_bed":4,"minecraft:coarse_dirt":71,"minecraft:cobblestone_wall":1,"minecraft:wheat":3,"minecraft:grass":2,"minecraft:coal_ore":83,"projectvibrantjourneys:short_grass":14,"minecraft:flower_pot":1,"minecraft:sand":11,"minecraft:dirt":13,"minecraft:cobweb":3,"minecraft:terracotta":2,"minecraft:stonecutter":1,"minecraft:small_dripleaf":1}},"DataVersion":3465}