{"stats":{"minecraft:dropped":{"minecraft:moss_block":39,"minecraft:lantern":2,"minecraft:emerald":33,"minecraft:gold_nugget":4,"minecraft:sand":2,"minecraft:iron_pickaxe":1,"minecraft:gravel":4,"minecraft:emerald_block":1,"minecraft:spyglass":1,"minecraft:rotten_flesh":1,"minecraft:carrot":33,"psg:sulphur":13,"max_armory:diamond_machete":1,"minecraft:leather_boots":1,"minecraft:azalea":8,"minecraft:chest":3,"projectvibrantjourneys:cattail":4,"pointblank:mk23":1,"farmersdelight:tomato_seeds":8,"pointblank:ammo545":10,"minecraft:bread":236,"minecraft:wheat_seeds":1,"minecraft:cobblestone":1,"minecraft:apple":22,"minecraft:coal":124,"minecraft:golden_apple":1,"minecraft:jungle_slab":5,"minecraft:flowering_azalea":3,"minecraft:chainmail_leggings":1,"minecraft:string":2,"minecraft:smooth_sandstone":1,"minecraft:moss_carpet":4,"minecraft:coarse_dirt":71,"minecraft:potato":26,"minecraft:flower_pot":1,"minecraft:iron_chestplate":3,"minecraft:sandstone":31,"minecraft:wooden_pickaxe":1},"minecraft:mined":{"minecraft:cut_sandstone_slab":1,"minecraft:attached_melon_stem":2,"minecraft:jungle_slab":7,"minecraft:potted_cactus":2,"minecraft:spruce_trapdoor":1,"minecraft:cave_vines_plant":1,"minecraft:acacia_log":119,"minecraft:grass_block":129,"minecraft:jungle_log":47,"minecraft:polished_diorite":1,"minecraft:tall_seagrass":1,"minecraft:iron_ore":23,"minecraft:barrel":1,"minecraft:moss_carpet":5,"minecraft:fletching_table":4,"minecraft:brown_bed":1,"minecraft:cave_vines":2,"minecraft:flowering_azalea_leaves":5,"minecraft:dirt_path":2,"minecraft:smooth_sandstone_stairs":1,"minecraft:azalea_leaves":9,"minecraft:azalea":4,"minecraft:green_bed":8,"minecraft:orange_bed":2,"projectvibrantjourneys:cattail":5,"minecraft:sandstone_slab":3,"minecraft:cut_sandstone":14,"minecraft:melon_stem":11,"minecraft:smoker":1,"minecraft:clay":25,"minecraft:torch":3,"projectvibrantjourneys:twigs":3,"minecraft:poppy":1,"minecraft:melon":15,"minecraft:chest":8,"minecraft:dead_bush":5,"minecraft:cobblestone":15,"minecraft:cyan_bed":8,"projectvibrantjourneys:fallen_leaves":3,"minecraft:sugar_cane":17,"minecraft:smooth_sandstone_slab":3,"minecraft:wall_torch":5,"projectvibrantjourneys:light_brown_bark_mushroom":1,"minecraft:wheat":35,"minecraft:grass":22,"minecraft:oak_log":37,"projectvibrantjourneys:short_grass":26,"minecraft:beetroots":24,"minecraft:sand":21,"minecraft:dirt":13,"minecraft:stonecutter":1,"minecraft:oak_leaves":5,"projectvibrantjourneys:rocks":6,"minecraft:jungle_planks":19,"minecraft:moss_block":52,"minecraft:sandstone":29,"minecraft:hay_block":61,"minecraft:carrots":18,"minecraft:bell":3,"minecraft:potatoes":15,"minecraft:vine":8,"projectvibrantjourneys:seashells":1,"minecraft:stone":81,"minecraft:acacia_leaves":21,"minecraft:flowering_azalea":1,"minecraft:smooth_sandstone":28,"minecraft:crafting_table":7,"projectvibrantjourneys:small_cactus":1,"projectvibrantjourneys:mossy_rocks":2,"minecraft:lectern":12,"minecraft:tall_grass":4,"minecraft:copper_ore":2,"minecraft:lapis_ore":1,"projectvibrantjourneys:acacia_hollow_log":11,"minecraft:lime_bed":9,"minecraft:cactus":2,"minecraft:coarse_dirt":71,"minecraft:cobblestone_wall":3,"k_turrets:titanium_ore":7,"minecraft:coal_ore":212,"minecraft:flower_pot":1,"minecraft:gravel":2,"pointblank:workstation":1,"minecraft:cobweb":3,"minecraft:terracotta":2,"minecraft:small_dripleaf":1,"minecraft:fern":6},"minecraft:killed_by":{"minecraft:zombie_villager":1,"minecraft:zombie":2,"alexsmobs:komodo_dragon":4,"minecraft:player":9,"minecraft:spider":1,"minecraft:enderman":1,"hordes:husk_player":2,"hordes:zombie_player":3,"mutantmonsters:mutant_skeleton":2,"minecraft:skeleton":6,"alexsmobs:tarantula_hawk":1},"minecraft:killed":{"minecraft:skeleton":5,"alexsmobs:kangaroo":1,"minecraft:iron_golem":1,"minecraft:zombie":1,"alexsmobs:roadrunner":2,"alexsmobs:komodo_dragon":3,"alexsmobs:jerboa":1,"hordes:zombie_player":1,"alexsmobs:rattlesnake":1,"minecraft:husk":2,"alexsmobs:guster":3,"alexsmobs:emu":1,"alexsmobs:gazelle":1,"minecraft:villager":1},"minecraft:custom":{"minecraft:interact_with_crafting_table":33,"minecraft:open_barrel":10,"minecraft:bell_ring":15,"minecraft:leave_game":10,"minecraft:time_since_death":14701,"minecraft:sprint_one_cm":801045,"minecraft:damage_blocked_by_shield":1634,"minecraft:drop":65,"minecraft:talked_to_villager":33,"minecraft:play_time":307374,"minecraft:deaths":44,"minecraft:jump":7376,"minecraft:interact_with_brewingstand":1,"minecraft:walk_on_water_one_cm":42905,"minecraft:interact_with_furnace":9,"minecraft:traded_with_villager":30,"minecraft:sleep_in_bed":18,"minecraft:damage_dealt":5258,"minecraft:crouch_one_cm":18862,"minecraft:horse_one_cm":424,"minecraft:mob_kills":27,"minecraft:damage_dealt_resisted":2408,"minecraft:climb_one_cm":9982,"minecraft:walk_one_cm":838109,"minecraft:sneak_time":5580,"minecraft:walk_under_water_one_cm":23290,"minecraft:boat_one_cm":35101,"minecraft:total_world_time":307374,"minecraft:time_since_rest":5546,"minecraft:damage_taken":14559,"minecraft:swim_one_cm":75327,"minecraft:fly_one_cm":1470705,"minecraft:open_chest":87,"minecraft:fall_one_cm":242845},"minecraft:broken":{"minecraft:stone_pickaxe":2,"minecraft:stone_axe":3,"minecraft:stone_shovel":1,"minecraft:stone_hoe":1},"minecraft:picked_up":{"minecraft:iron_chestplate":8,"minecraft:wheat":67,"minecraft:flower_pot":4,"minecraft:brown_bed":1,"minecraft:enchanted_book":25,"minecraft:string":2,"minecraft:raw_copper":30,"minecraft:beetroot":28,"alexsmobs:emu_feather":1,"minecraft:gold_nugget":8,"minecraft:bucket":6,"minecraft:azalea":8,"minecraft:iron_pickaxe":2,"minecraft:melon_slice":71,"pointblank:workstation":3,"minecraft:stick":52,"minecraft:green_bed":10,"minecraft:torch":50,"minecraft:acacia_log":132,"psg:sulphur":26,"minecraft:orange_bed":2,"minecraft:cactus":14,"minecraft:rotten_flesh":11,"projectvibrantjourneys:cattail":5,"minecraft:cobblestone":415,"minecraft:cooked_beef":13,"minecraft:feather":2,"farmersdelight:rice":6,"minecraft:water_bucket":6,"minecraft:jungle_log":58,"projectvibrantjourneys:fallen_leaves":7,"minecraft:smoker":3,"minecraft:potato":112,"minecraft:flint":9,"minecraft:smooth_sandstone_stairs":1,"minecraft:lapis_lazuli":25,"minecraft:dirt":244,"minecraft:lantern":4,"minecraft:leather_boots":6,"minecraft:bone":137,"minecraft:bow":8,"minecraft:stonecutter":6,"minecraft:wheat_seeds":156,"minecraft:bell":4,"minecraft:fletching_table":4,"minecraft:moss_block":128,"minecraft:stone_hoe":10,"minecraft:jungle_planks":136,"minecraft:sand":58,"minecraft:cyan_bed":7,"minecraft:barrel":1,"minecraft:jungle_slab":254,"alexsmobs:animal_dictionary":5,"minecraft:bundle":1,"minecraft:iron_hoe":10,"minecraft:bone_meal":1,"minecraft:golden_apple":1,"minecraft:bread":182,"minecraft:emerald":56,"minecraft:oak_sapling":27,"minecraft:crafting_table":7,"pointblank:mk23":1,"minecraft:coarse_dirt":71,"minecraft:sandstone_slab":3,"minecraft:clay_ball":576,"minecraft:brown_mushroom":2,"minecraft:wooden_pickaxe":1,"max_armory:diamond_machete":9,"minecraft:shield":10,"minecraft:moss_carpet":12,"minecraft:compass":1,"minecraft:poppy":9,"minecraft:iron_nugget":14,"minecraft:chest":14,"minecraft:lectern":12,"minecraft:sugar_cane":30,"minecraft:spruce_trapdoor":1,"minecraft:raw_iron":51,"minecraft:sandstone":154,"projectvibrantjourneys:bark_mushroom":5,"minecraft:bowl":8,"pointblank:ammo545":10,"pointblank:gunmetal_nugget":101,"farmersdelight:tomato_seeds":16,"minecraft:carrot":88,"minecraft:smooth_sandstone_slab":18,"minecraft:arrow":69,"minecraft:stone_shovel":2,"minecraft:beetroot_seeds":66,"k_turrets:raw_titanium":7,"minecraft:hay_block":60,"minecraft:glow_berries":9,"minecraft:mutton":1,"alexsmobs:kangaroo_meat":2,"minecraft:lime_bed":11,"minecraft:cut_sandstone":14,"minecraft:leather":6,"alexsmobs:acacia_blossom":5,"minecraft:red_mushroom":2,"minecraft:oak_log":41,"minecraft:cobblestone_wall":2,"minecraft:smooth_sandstone":65,"minecraft:apple":44,"minecraft:iron_ingot":121,"minecraft:stone_pickaxe":16,"minecraft:acacia_sapling":41,"minecraft:flowering_azalea":6,"minecraft:book":3,"projectvibrantjourneys:light_brown_bark_mushroom":3,"projectvibrantjourneys:acacia_hollow_log":11,"minecraft:emerald_block":2,"pointblank:glock17":1,"minecraft:gravel":5,"minecraft:leather_helmet":11,"minecraft:stone_axe":11,"minecraft:polished_diorite":1,"minecraft:chainmail_leggings":2,"minecraft:iron_helmet":2,"minecraft:terracotta":10,"projectvibrantjourneys:orange_bark_mushroom":7,"minecraft:melon_seeds":20,"minecraft:coal":892,"minecraft:ender_pearl":30},"minecraft:used":{"minecraft:moss_block":7,"minecraft:moss_carpet":1,"minecraft:chest":11,"minecraft:shield":24,"minecraft:bell":4,"minecraft:iron_chestplate":1,"minecraft:jungle_planks":39,"minecraft:carrot":56,"minecraft:jungle_slab":99,"minecraft:acacia_sapling":6,"pointblank:workstation":3,"minecraft:furnace":1,"minecraft:oak_sapling":6,"minecraft:beetroot_seeds":3,"minecraft:potato":99,"minecraft:stone_pickaxe":442,"minecraft:sandstone":3,"minecraft:composter":1,"minecraft:sugar_cane":23,"minecraft:glow_berries":13,"minecraft:sand":9,"max_armory:diamond_machete":18,"minecraft:cyan_bed":7,"minecraft:bread":59,"minecraft:melon_slice":2,"minecraft:lectern":12,"minecraft:gravel":1,"minecraft:wooden_sword":16,"minecraft:bone_meal":4,"minecraft:acacia_log":5,"minecraft:stone_shovel":135,"minecraft:stone_hoe":223,"minecraft:orange_bed":2,"minecraft:torch":51,"minecraft:dirt":90,"minecraft:cobblestone_wall":1,"minecraft:polished_diorite":1,"minecraft:iron_hoe":6,"projectvibrantjourneys:fallen_leaves":2,"minecraft:flowering_azalea":3,"minecraft:smooth_sandstone":13,"minecraft:jungle_log":4,"minecraft:barrel":1,"projectvibrantjourneys:cattail":1,"minecraft:cooked_beef":7,"minecraft:brown_bed":1,"minecraft:calcite":2,"minecraft:wheat_seeds":22,"minecraft:water_bucket":27,"minecraft:cut_sandstone":14,"minecraft:fletching_table":4,"minecraft:green_bed":8,"minecraft:leather_boots":4,"minecraft:crafting_table":8,"minecraft:lime_bed":9,"minecraft:flower_pot":2,"alexsmobs:kangaroo_meat":2,"minecraft:leather_helmet":2,"minecraft:spruce_trapdoor":1,"minecraft:stone_axe":371,"minecraft:cobblestone":119,"minecraft:sandstone_slab":2,"minecraft:bucket":27,"alexsmobs:animal_dictionary":3},"minecraft:crafted":{"minecraft:oak_planks":132,"minecraft:chest":3,"minecraft:stone_hoe":2,"minecraft:emerald":28,"minecraft:crafting_table":1,"minecraft:shield":1,"minecraft:stick":980,"minecraft:iron_ingot":17,"minecraft:composter":1,"minecraft:stone_shovel":1,"minecraft:furnace":1,"minecraft:bone_meal":3,"pointblank:rhino":1,"minecraft:stone_pickaxe":6,"minecraft:wheat":540,"pointblank:ammo545":10,"minecraft:bucket":1,"minecraft:stone_axe":6,"minecraft:jungle_slab":120,"minecraft:bread":203,"minecraft:air":0,"minecraft:jungle_planks":172,"minecraft:acacia_planks":306,"minecraft:torch":64}},"DataVersion":3465}