{"stats":{"minecraft:picked_up":{"minecraft:crafting_table":4,"minecraft:iron_chestplate":1,"minecraft:feather":2,"minecraft:jungle_log":17,"projectvibrantjourneys:fallen_leaves":1,"minecraft:red_mushroom":1,"max_armory:diamond_machete":1,"minecraft:lapis_lazuli":5,"minecraft:dirt":4,"minecraft:string":2,"minecraft:raw_copper":6,"alexsmobs:emu_feather":1,"minecraft:azalea":3,"minecraft:sugar_cane":3,"minecraft:flowering_azalea":3,"minecraft:stick":3,"minecraft:raw_iron":8,"minecraft:sandstone":1,"projectvibrantjourneys:acacia_hollow_log":1,"minecraft:torch":1,"minecraft:jungle_planks":2,"minecraft:glow_berries":9,"minecraft:coal":78,"alexsmobs:kangaroo_meat":2,"minecraft:cobblestone":59},"minecraft:killed":{"minecraft:husk":1,"alexsmobs:emu":1,"alexsmobs:gazelle":1,"alexsmobs:roadrunner":2,"alexsmobs:kangaroo":1},"minecraft:broken":{"minecraft:stone_pickaxe":1},"minecraft:crafted":{"minecraft:furnace":1,"minecraft:stone_axe":1,"minecraft:jungle_planks":52,"minecraft:stick":8,"minecraft:stone_pickaxe":2,"minecraft:acacia_planks":2,"minecraft:torch":12},"minecraft:dropped":{"minecraft:iron_chestplate":2,"minecraft:azalea":3,"minecraft:flowering_azalea":3,"minecraft:string":2},"minecraft:used":{"minecraft:stone_pickaxe":153,"minecraft:torch":11,"minecraft:glow_berries":2,"minecraft:dirt":1,"minecraft:crafting_table":4,"minecraft:jungle_planks":4,"max_armory:diamond_machete":3,"projectvibrantjourneys:fallen_leaves":1,"minecraft:bread":10,"alexsmobs:kangaroo_meat":2,"minecraft:jungle_log":4,"minecraft:stone_axe":3,"minecraft:wooden_sword":16,"minecraft:cobblestone":29,"minecraft:furnace":1,"alexsmobs:animal_dictionary":3},"minecraft:custom":{"minecraft:interact_with_furnace":1,"minecraft:mob_kills":6,"minecraft:interact_with_crafting_table":6,"minecraft:time_since_death":34729,"minecraft:climb_one_cm":480,"minecraft:time_since_rest":34729,"minecraft:walk_one_cm":76119,"minecraft:sprint_one_cm":37444,"minecraft:damage_taken":555,"minecraft:drop":8,"minecraft:damage_dealt":605,"minecraft:swim_one_cm":5434,"minecraft:fly_one_cm":89271,"minecraft:open_chest":12,"minecraft:crouch_one_cm":6107,"minecraft:play_time":34729,"minecraft:sneak_time":2241,"minecraft:walk_under_water_one_cm":2711,"minecraft:boat_one_cm":35101,"minecraft:jump":624,"minecraft:walk_on_water_one_cm":3732,"minecraft:total_world_time":34729,"minecraft:fall_one_cm":16293},"minecraft:mined":{"minecraft:cut_sandstone_slab":1,"projectvibrantjourneys:rocks":2,"minecraft:crafting_table":4,"minecraft:cave_vines_plant":1,"projectvibrantjourneys:twigs":3,"minecraft:grass_block":1,"minecraft:jungle_planks":2,"minecraft:jungle_log":17,"projectvibrantjourneys:mossy_rocks":2,"minecraft:copper_ore":2,"minecraft:cobblestone":1,"minecraft:lapis_ore":1,"projectvibrantjourneys:fallen_leaves":1,"minecraft:sugar_cane":2,"minecraft:wall_torch":2,"projectvibrantjourneys:acacia_hollow_log":1,"minecraft:iron_ore":8,"minecraft:grass":2,"minecraft:coal_ore":82,"minecraft:cave_vines":2,"projectvibrantjourneys:short_grass":1,"minecraft:dirt":3,"minecraft:cobweb":3,"minecraft:azalea_leaves":1,"projectvibrantjourneys:seashells":1,"minecraft:stone":56}},"DataVersion":3465}