{"stats":{"minecraft:dropped":{"walkietalkie:netherite_walkietalkie":1},"minecraft:mined":{"projectvibrantjourneys:cattail":1,"projectvibrantjourneys:twigs":1,"walkietalkie:speaker":1,"projectvibrantjourneys:short_grass":2,"minecraft:spruce_log":7},"minecraft:killed_by":{"minecraft:skeleton":1,"minecraft:spider":1,"minecraft:player":4,"alexsmobs:grizzly_bear":3},"minecraft:killed":{"alexsmobs:blue_jay":2},"minecraft:custom":{"minecraft:time_since_rest":1079,"minecraft:damage_taken":2559,"minecraft:crouch_one_cm":81,"minecraft:play_time":28660,"minecraft:walk_one_cm":32471,"minecraft:sprint_one_cm":21792,"minecraft:deaths":10,"minecraft:sneak_time":43,"minecraft:walk_under_water_one_cm":1324,"minecraft:mob_kills":2,"minecraft:drop":1,"minecraft:jump":433,"minecraft:damage_dealt":74,"minecraft:leave_game":4,"minecraft:time_since_death":1043,"minecraft:walk_on_water_one_cm":2158,"minecraft:total_world_time":28660,"minecraft:swim_one_cm":3048,"minecraft:fall_one_cm":13068,"minecraft:fly_one_cm":65303},"minecraft:picked_up":{"minecraft:crafting_table":1,"walkietalkie:wooden_walkietalkie":1,"minecraft:stick":4,"walkietalkie:speaker":1,"tacz:modern_kinetic_gun":1,"minecraft:spruce_planks":24,"minecraft:spruce_sapling":2,"pointblank:ballista":2,"minecraft:shield":1,"minecraft:spruce_log":7,"walkietalkie:netherite_walkietalkie":4},"minecraft:used":{"walkietalkie:speaker":1},"minecraft:crafted":{"minecraft:crafting_table":1,"minecraft:spruce_planks":28}},"DataVersion":3465}