{"stats":{"minecraft:dropped":{"minecraft:moss_block":39,"minecraft:lantern":2,"minecraft:red_mushroom":1,"minecraft:emerald":33,"minecraft:gold_nugget":4,"minecraft:sand":2,"minecraft:iron_pickaxe":1,"minecraft:gravel":4,"minecraft:sugar_cane":1,"minecraft:emerald_block":1,"minecraft:spyglass":1,"minecraft:rotten_flesh":1,"minecraft:carrot":33,"psg:sulphur":13,"minecraft:poppy":2,"max_armory:diamond_machete":1,"minecraft:leather_boots":1,"minecraft:azalea":12,"minecraft:chest":3,"projectvibrantjourneys:cattail":13,"pointblank:mk23":1,"farmersdelight:tomato_seeds":8,"pointblank:ammo545":10,"minecraft:bread":236,"minecraft:wheat_seeds":2,"minecraft:cobblestone":1,"minecraft:apple":22,"minecraft:coal":124,"minecraft:golden_apple":1,"minecraft:jungle_slab":5,"minecraft:flowering_azalea":5,"minecraft:chainmail_leggings":1,"minecraft:string":2,"minecraft:smooth_sandstone":1,"minecraft:moss_carpet":4,"minecraft:coarse_dirt":71,"minecraft:bowl":7,"minecraft:potato":26,"minecraft:flower_pot":1,"minecraft:iron_chestplate":3,"minecraft:oak_sapling":9,"minecraft:sandstone":31,"minecraft:wooden_pickaxe":1},"minecraft:mined":{"minecraft:cut_sandstone_slab":1,"minecraft:oak_sapling":1,"minecraft:attached_melon_stem":2,"minecraft:jungle_slab":7,"minecraft:potted_cactus":2,"minecraft:spruce_trapdoor":16,"minecraft:cave_vines_plant":1,"minecraft:acacia_log":119,"minecraft:grass_block":129,"minecraft:jungle_log":70,"minecraft:polished_diorite":1,"minecraft:tall_seagrass":2,"minecraft:iron_ore":23,"minecraft:barrel":4,"minecraft:moss_carpet":5,"minecraft:fletching_table":8,"minecraft:brown_bed":1,"minecraft:cave_vines":2,"minecraft:flowering_azalea_leaves":5,"minecraft:dirt_path":2,"minecraft:smooth_sandstone_stairs":1,"minecraft:azalea_leaves":11,"minecraft:azalea":5,"minecraft:green_bed":8,"minecraft:orange_bed":2,"projectvibrantjourneys:cattail":12,"minecraft:sandstone_slab":3,"minecraft:cut_sandstone":14,"minecraft:melon_stem":11,"minecraft:smoker":1,"minecraft:clay":25,"minecraft:torch":3,"projectvibrantjourneys:twigs":3,"minecraft:poppy":1,"minecraft:melon":15,"minecraft:chest":8,"minecraft:dead_bush":5,"minecraft:cobblestone":15,"minecraft:cyan_bed":8,"projectvibrantjourneys:fallen_leaves":3,"minecraft:sugar_cane":19,"minecraft:smooth_sandstone_slab":3,"minecraft:wall_torch":5,"minecraft:seagrass":1,"projectvibrantjourneys:light_brown_bark_mushroom":1,"minecraft:wheat":35,"projectvibrantjourneys:bones":3,"minecraft:grass":31,"minecraft:oak_log":59,"projectvibrantjourneys:short_grass":31,"minecraft:beetroots":24,"minecraft:sand":21,"minecraft:dirt":13,"minecraft:stonecutter":1,"minecraft:oak_leaves":42,"projectvibrantjourneys:rocks":7,"minecraft:jungle_planks":19,"minecraft:moss_block":52,"minecraft:sandstone":29,"minecraft:hay_block":61,"minecraft:carrots":18,"minecraft:bell":3,"minecraft:potatoes":24,"minecraft:vine":13,"projectvibrantjourneys:seashells":1,"minecraft:stone":81,"minecraft:podzol":5,"minecraft:acacia_leaves":21,"minecraft:flowering_azalea":1,"minecraft:smooth_sandstone":28,"minecraft:crafting_table":7,"projectvibrantjourneys:small_cactus":1,"projectvibrantjourneys:mossy_rocks":2,"minecraft:lectern":16,"minecraft:tall_grass":4,"minecraft:copper_ore":2,"minecraft:lapis_ore":1,"projectvibrantjourneys:acacia_hollow_log":11,"minecraft:lime_bed":9,"minecraft:cactus":2,"minecraft:coarse_dirt":71,"minecraft:cobblestone_wall":3,"k_turrets:titanium_ore":7,"minecraft:coal_ore":212,"minecraft:flower_pot":1,"minecraft:gravel":2,"pointblank:workstation":14,"minecraft:cobweb":3,"minecraft:terracotta":2,"minecraft:small_dripleaf":1,"minecraft:fern":6},"minecraft:killed_by":{"minecraft:zombie_villager":2,"minecraft:drowned":6,"minecraft:zombie":3,"alexsmobs:komodo_dragon":4,"minecraft:player":11,"minecraft:spider":1,"minecraft:enderman":1,"hordes:husk_player":4,"hordes:zombie_player":7,"mutantmonsters:mutant_skeleton":2,"minecraft:skeleton":8,"alexsmobs:tarantula_hawk":1},"minecraft:killed":{"minecraft:spider":2,"minecraft:skeleton":5,"hordes:husk_player":3,"alexsmobs:kangaroo":1,"minecraft:zombie_villager":2,"minecraft:iron_golem":2,"hordes:drowned_player":1,"minecraft:zombie":1,"alexsmobs:roadrunner":2,"alexsmobs:komodo_dragon":3,"alexsmobs:jerboa":1,"hordes:zombie_player":1,"alexsmobs:rattlesnake":1,"alexsmobs:flying_fish":1,"minecraft:husk":2,"alexsmobs:guster":3,"alexsmobs:emu":1,"alexsmobs:gazelle":1,"minecraft:villager":1},"minecraft:custom":{"minecraft:interact_with_crafting_table":36,"minecraft:open_barrel":18,"minecraft:bell_ring":15,"minecraft:leave_game":13,"minecraft:time_since_death":59,"minecraft:sprint_one_cm":940250,"minecraft:damage_blocked_by_shield":1634,"minecraft:drop":79,"minecraft:talked_to_villager":74,"minecraft:play_time":364541,"minecraft:deaths":65,"minecraft:jump":8441,"minecraft:interact_with_brewingstand":1,"minecraft:walk_on_water_one_cm":73569,"minecraft:interact_with_furnace":9,"minecraft:traded_with_villager":56,"minecraft:sleep_in_bed":22,"minecraft:damage_dealt":7770,"minecraft:player_kills":2,"minecraft:crouch_one_cm":19859,"minecraft:horse_one_cm":424,"minecraft:mob_kills":37,"minecraft:damage_dealt_resisted":4023,"minecraft:climb_one_cm":14856,"minecraft:walk_one_cm":1006806,"minecraft:sneak_time":7058,"minecraft:walk_under_water_one_cm":88640,"minecraft:boat_one_cm":35101,"minecraft:total_world_time":364541,"minecraft:time_since_rest":86,"minecraft:damage_taken":21321,"minecraft:swim_one_cm":112553,"minecraft:fly_one_cm":1733286,"minecraft:open_chest":104,"minecraft:fall_one_cm":265067},"minecraft:broken":{"minecraft:stone_pickaxe":2,"minecraft:stone_axe":3,"minecraft:stone_shovel":1,"minecraft:stone_hoe":1},"minecraft:picked_up":{"minecraft:iron_chestplate":11,"minecraft:wheat":67,"minecraft:flower_pot":4,"pointblank:ammo357":52,"minecraft:brown_bed":1,"minecraft:enchanted_book":25,"minecraft:string":3,"minecraft:raw_copper":30,"minecraft:beetroot":28,"alexsmobs:emu_feather":1,"minecraft:gold_nugget":8,"minecraft:bucket":6,"minecraft:azalea":13,"minecraft:iron_pickaxe":2,"minecraft:melon_slice":71,"pointblank:workstation":14,"minecraft:iron_boots":3,"pointblank:gunmetal_ingot":3,"minecraft:stick":78,"minecraft:green_bed":10,"minecraft:torch":104,"minecraft:acacia_log":132,"psg:sulphur":26,"minecraft:orange_bed":2,"minecraft:cactus":14,"minecraft:rotten_flesh":16,"projectvibrantjourneys:cattail":23,"alexsmobs:lobster_tail":3,"alexsmobs:flying_fish":1,"minecraft:cobblestone":415,"minecraft:cooked_beef":91,"minecraft:feather":2,"farmersdelight:rice":6,"minecraft:water_bucket":7,"minecraft:jungle_log":78,"projectvibrantjourneys:fallen_leaves":9,"minecraft:smoker":3,"minecraft:potato":139,"minecraft:flint":9,"minecraft:smooth_sandstone_stairs":1,"minecraft:lapis_lazuli":25,"minecraft:dirt":249,"minecraft:lantern":4,"minecraft:leather_boots":6,"minecraft:bone":140,"minecraft:stonecutter":6,"minecraft:bow":10,"minecraft:wheat_seeds":164,"minecraft:bell":4,"minecraft:fletching_table":7,"minecraft:moss_block":128,"minecraft:stone_hoe":10,"minecraft:jungle_planks":136,"minecraft:sand":58,"minecraft:cyan_bed":7,"minecraft:jungle_slab":254,"minecraft:barrel":6,"alexsmobs:animal_dictionary":5,"minecraft:bundle":1,"minecraft:iron_hoe":10,"minecraft:crossbow":3,"minecraft:bone_meal":1,"minecraft:golden_apple":1,"minecraft:bread":233,"minecraft:emerald":83,"minecraft:oak_sapling":54,"minecraft:coarse_dirt":71,"pointblank:mk23":1,"minecraft:crafting_table":7,"minecraft:sandstone_slab":3,"minecraft:clay_ball":576,"minecraft:brown_mushroom":2,"minecraft:wooden_pickaxe":1,"max_armory:diamond_machete":9,"minecraft:shield":12,"minecraft:moss_carpet":12,"minecraft:compass":1,"pointblank:rhino":3,"minecraft:chest":14,"minecraft:poppy":12,"minecraft:iron_nugget":14,"minecraft:lectern":16,"minecraft:sugar_cane":36,"minecraft:spruce_trapdoor":16,"minecraft:raw_iron":51,"minecraft:sandstone":154,"minecraft:copper_ingot":1,"projectvibrantjourneys:bark_mushroom":5,"minecraft:bowl":39,"pointblank:ammo545":10,"pointblank:gunmetal_nugget":188,"farmersdelight:tomato_seeds":16,"minecraft:carrot":88,"minecraft:smooth_sandstone_slab":18,"minecraft:arrow":119,"minecraft:stone_shovel":2,"minecraft:beetroot_seeds":66,"k_turrets:raw_titanium":7,"minecraft:hay_block":60,"minecraft:glow_berries":9,"minecraft:mutton":1,"alexsmobs:kangaroo_meat":2,"minecraft:lime_bed":11,"minecraft:cut_sandstone":16,"minecraft:leather":6,"alexsmobs:acacia_blossom":5,"minecraft:red_mushroom":3,"minecraft:oak_log":98,"minecraft:cobblestone_wall":2,"minecraft:wooden_hoe":4,"minecraft:smooth_sandstone":65,"minecraft:apple":53,"minecraft:iron_ingot":141,"minecraft:stone_pickaxe":22,"minecraft:acacia_sapling":41,"minecraft:flowering_azalea":13,"minecraft:book":3,"projectvibrantjourneys:light_brown_bark_mushroom":3,"minecraft:emerald_block":2,"pointblank:glock17":1,"projectvibrantjourneys:acacia_hollow_log":11,"minecraft:gravel":5,"minecraft:spider_eye":1,"minecraft:leather_helmet":11,"minecraft:polished_diorite":1,"minecraft:stone_axe":14,"minecraft:chainmail_leggings":4,"minecraft:iron_helmet":2,"minecraft:terracotta":10,"projectvibrantjourneys:orange_bark_mushroom":8,"minecraft:melon_seeds":20,"minecraft:coal":892,"minecraft:ender_pearl":30},"minecraft:used":{"minecraft:moss_block":7,"minecraft:moss_carpet":1,"minecraft:chest":11,"minecraft:shield":24,"minecraft:bell":4,"minecraft:iron_chestplate":3,"minecraft:jungle_planks":39,"minecraft:carrot":56,"minecraft:jungle_slab":99,"minecraft:acacia_sapling":6,"alexsmobs:lobster_tail":3,"pointblank:workstation":14,"minecraft:furnace":1,"minecraft:oak_sapling":30,"minecraft:beetroot_seeds":3,"minecraft:potato":126,"minecraft:stone_pickaxe":459,"minecraft:sandstone":3,"minecraft:composter":1,"minecraft:sugar_cane":25,"minecraft:glow_berries":13,"minecraft:sand":9,"max_armory:diamond_machete":18,"minecraft:melon_slice":2,"minecraft:cyan_bed":7,"minecraft:bread":73,"minecraft:lectern":14,"minecraft:gravel":1,"minecraft:wooden_sword":16,"minecraft:bone_meal":13,"minecraft:acacia_log":5,"minecraft:stone_shovel":135,"minecraft:stone_hoe":223,"minecraft:orange_bed":2,"minecraft:torch":51,"minecraft:dirt":90,"minecraft:cobblestone_wall":1,"minecraft:polished_diorite":1,"minecraft:iron_hoe":6,"minecraft:wooden_axe":14,"projectvibrantjourneys:fallen_leaves":2,"minecraft:flowering_azalea":3,"minecraft:smooth_sandstone":13,"minecraft:jungle_log":10,"minecraft:iron_boots":2,"minecraft:barrel":3,"projectvibrantjourneys:cattail":1,"minecraft:cooked_beef":7,"minecraft:brown_bed":1,"minecraft:calcite":2,"minecraft:wheat_seeds":22,"minecraft:water_bucket":29,"minecraft:cut_sandstone":14,"minecraft:fletching_table":6,"minecraft:green_bed":8,"minecraft:leather_boots":4,"minecraft:crafting_table":8,"minecraft:lime_bed":9,"minecraft:oak_log":3,"minecraft:wooden_hoe":20,"minecraft:flower_pot":2,"alexsmobs:kangaroo_meat":2,"minecraft:leather_helmet":2,"minecraft:spruce_trapdoor":2,"minecraft:stone_axe":468,"minecraft:cobblestone":119,"minecraft:sandstone_slab":2,"minecraft:bucket":30,"alexsmobs:animal_dictionary":3,"minecraft:chainmail_leggings":1},"minecraft:crafted":{"minecraft:oak_planks":140,"minecraft:chest":3,"minecraft:stone_hoe":2,"minecraft:emerald":43,"minecraft:crafting_table":1,"minecraft:wooden_hoe":2,"minecraft:shield":1,"minecraft:stick":1392,"minecraft:iron_ingot":17,"minecraft:composter":1,"pointblank:ammo357":110,"minecraft:stone_shovel":1,"minecraft:furnace":1,"minecraft:bone_meal":12,"pointblank:rhino":1,"minecraft:stone_pickaxe":6,"minecraft:wheat":540,"pointblank:ammo545":10,"pointblank:gunmetal_ingot":1,"minecraft:bucket":1,"minecraft:stone_axe":6,"minecraft:jungle_slab":120,"minecraft:bread":203,"minecraft:air":0,"minecraft:jungle_planks":228,"minecraft:wooden_axe":1,"minecraft:acacia_planks":458,"minecraft:torch":64}},"DataVersion":3465}