{"stats":{"minecraft:picked_up":{"minecraft:raw_iron":8,"minecraft:stick":3,"minecraft:crafting_table":1,"minecraft:jungle_log":17,"minecraft:torch":1,"minecraft:jungle_planks":2,"minecraft:lapis_lazuli":5,"minecraft:dirt":4,"minecraft:raw_copper":6,"minecraft:azalea":3,"minecraft:sugar_cane":3,"minecraft:glow_berries":9,"minecraft:flowering_azalea":3,"minecraft:coal":78,"alexsmobs:kangaroo_meat":2,"minecraft:cobblestone":59},"minecraft:killed":{"alexsmobs:roadrunner":1,"alexsmobs:kangaroo":1},"minecraft:broken":{"minecraft:stone_pickaxe":1},"minecraft:crafted":{"minecraft:stick":4,"minecraft:stone_pickaxe":2,"minecraft:torch":12,"minecraft:jungle_planks":52},"minecraft:dropped":{"minecraft:azalea":3,"minecraft:flowering_azalea":3},"minecraft:used":{"minecraft:bread":7,"minecraft:stone_pickaxe":152,"minecraft:jungle_log":4,"minecraft:torch":11,"minecraft:wooden_sword":5,"minecraft:cobblestone":10,"minecraft:dirt":1,"minecraft:jungle_planks":4,"alexsmobs:animal_dictionary":3},"minecraft:custom":{"minecraft:time_since_rest":22729,"minecraft:sprint_one_cm":25344,"minecraft:damage_taken":400,"minecraft:walk_one_cm":46713,"minecraft:mob_kills":2,"minecraft:drop":4,"minecraft:damage_dealt":165,"minecraft:swim_one_cm":3114,"minecraft:interact_with_crafting_table":3,"minecraft:fly_one_cm":63691,"minecraft:crouch_one_cm":4139,"minecraft:play_time":22729,"minecraft:sneak_time":1431,"minecraft:walk_under_water_one_cm":1205,"minecraft:jump":444,"minecraft:walk_on_water_one_cm":1806,"minecraft:time_since_death":22729,"minecraft:total_world_time":22729,"minecraft:climb_one_cm":480,"minecraft:fall_one_cm":10745},"minecraft:mined":{"minecraft:iron_ore":8,"projectvibrantjourneys:rocks":1,"minecraft:crafting_table":1,"minecraft:cave_vines_plant":1,"minecraft:grass":1,"projectvibrantjourneys:twigs":3,"minecraft:coal_ore":82,"minecraft:grass_block":1,"minecraft:cave_vines":2,"minecraft:jungle_planks":2,"minecraft:jungle_log":17,"projectvibrantjourneys:mossy_rocks":2,"minecraft:dirt":3,"minecraft:copper_ore":2,"minecraft:cobblestone":1,"minecraft:azalea_leaves":1,"minecraft:lapis_ore":1,"minecraft:stone":56,"minecraft:sugar_cane":2,"minecraft:wall_torch":2}},"DataVersion":3465}