{"stats":{"minecraft:picked_up":{"minecraft:crafting_table":5,"minecraft:iron_chestplate":1,"minecraft:wheat":3,"minecraft:feather":2,"minecraft:flower_pot":1,"minecraft:jungle_log":18,"projectvibrantjourneys:fallen_leaves":1,"minecraft:cut_sandstone":12,"minecraft:red_mushroom":1,"max_armory:diamond_machete":1,"minecraft:lapis_lazuli":5,"minecraft:dirt":4,"minecraft:string":2,"minecraft:raw_copper":6,"alexsmobs:emu_feather":1,"minecraft:wheat_seeds":7,"minecraft:bell":1,"minecraft:azalea":3,"minecraft:sugar_cane":3,"minecraft:flowering_azalea":3,"minecraft:stick":3,"minecraft:raw_iron":8,"minecraft:sandstone":1,"projectvibrantjourneys:acacia_hollow_log":1,"minecraft:torch":1,"pointblank:gunmetal_nugget":5,"minecraft:sand":5,"minecraft:jungle_planks":2,"minecraft:cactus":1,"minecraft:rotten_flesh":2,"minecraft:hay_block":2,"minecraft:terracotta":1,"minecraft:glow_berries":9,"minecraft:coal":78,"alexsmobs:kangaroo_meat":2,"minecraft:cobblestone":69},"minecraft:killed":{"minecraft:husk":2,"alexsmobs:emu":1,"minecraft:skeleton":1,"alexsmobs:gazelle":1,"alexsmobs:roadrunner":2,"alexsmobs:kangaroo":1,"alexsmobs:jerboa":1},"minecraft:killed_by":{"mutantmonsters:mutant_skeleton":1,"minecraft:skeleton":2,"minecraft:zombie":1,"alexsmobs:tarantula_hawk":1,"alexsmobs:komodo_dragon":1},"minecraft:broken":{"minecraft:stone_pickaxe":1},"minecraft:crafted":{"minecraft:crafting_table":1,"minecraft:furnace":1,"minecraft:stone_axe":1,"minecraft:bread":10,"minecraft:air":0,"minecraft:jungle_planks":56,"minecraft:stick":8,"minecraft:iron_ingot":8,"minecraft:stone_pickaxe":2,"minecraft:acacia_planks":2,"minecraft:torch":12,"minecraft:wheat":18},"minecraft:dropped":{"minecraft:rotten_flesh":1,"minecraft:iron_chestplate":2,"minecraft:azalea":3,"minecraft:flowering_azalea":3,"minecraft:string":2},"minecraft:used":{"minecraft:stone_pickaxe":180,"minecraft:shield":3,"minecraft:torch":11,"minecraft:glow_berries":13,"minecraft:dirt":1,"minecraft:sand":5,"minecraft:crafting_table":5,"minecraft:jungle_planks":4,"max_armory:diamond_machete":12,"projectvibrantjourneys:fallen_leaves":1,"alexsmobs:kangaroo_meat":2,"minecraft:bread":13,"minecraft:jungle_log":4,"minecraft:leather_helmet":1,"minecraft:stone_axe":4,"minecraft:wooden_sword":16,"minecraft:cobblestone":78,"minecraft:furnace":1,"minecraft:bucket":1,"alexsmobs:animal_dictionary":3},"minecraft:custom":{"minecraft:interact_with_furnace":5,"minecraft:mob_kills":9,"minecraft:interact_with_crafting_table":8,"minecraft:damage_dealt_resisted":52,"minecraft:leave_game":1,"minecraft:time_since_death":19237,"minecraft:sleep_in_bed":1,"minecraft:climb_one_cm":1386,"minecraft:time_since_rest":10824,"minecraft:damage_taken":3501,"minecraft:sprint_one_cm":146146,"minecraft:walk_one_cm":138673,"minecraft:damage_blocked_by_shield":180,"minecraft:drop":9,"minecraft:damage_dealt":1018,"minecraft:swim_one_cm":36202,"minecraft:talked_to_villager":1,"minecraft:fly_one_cm":351952,"minecraft:open_chest":17,"minecraft:crouch_one_cm":7275,"minecraft:play_time":70225,"minecraft:deaths":9,"minecraft:sneak_time":2817,"minecraft:walk_under_water_one_cm":7056,"minecraft:boat_one_cm":35101,"minecraft:jump":2075,"minecraft:walk_on_water_one_cm":12998,"minecraft:total_world_time":70225,"minecraft:fall_one_cm":69119},"minecraft:mined":{"minecraft:cut_sandstone":12,"minecraft:cut_sandstone_slab":1,"minecraft:potted_cactus":1,"projectvibrantjourneys:rocks":2,"minecraft:crafting_table":5,"minecraft:cave_vines_plant":1,"projectvibrantjourneys:twigs":3,"minecraft:grass_block":1,"minecraft:jungle_planks":2,"minecraft:jungle_log":18,"projectvibrantjourneys:mossy_rocks":2,"minecraft:copper_ore":2,"minecraft:cobblestone":14,"minecraft:lapis_ore":1,"projectvibrantjourneys:fallen_leaves":1,"minecraft:sugar_cane":2,"minecraft:moss_block":1,"projectvibrantjourneys:acacia_hollow_log":1,"minecraft:wall_torch":2,"minecraft:hay_block":2,"minecraft:iron_ore":8,"minecraft:wheat":3,"minecraft:grass":2,"minecraft:coal_ore":82,"minecraft:cave_vines":2,"projectvibrantjourneys:short_grass":1,"minecraft:dirt":3,"minecraft:sand":5,"minecraft:cobweb":3,"minecraft:terracotta":1,"minecraft:azalea_leaves":1,"projectvibrantjourneys:seashells":1,"minecraft:stone":56}},"DataVersion":3465}