{"stats":{"minecraft:dropped":{"minecraft:moss_block":39,"minecraft:wheat_seeds":1,"minecraft:coal":60,"minecraft:jungle_slab":5,"minecraft:flowering_azalea":3,"minecraft:sand":1,"minecraft:string":2,"minecraft:smooth_sandstone":1,"minecraft:moss_carpet":4,"minecraft:spyglass":1,"minecraft:coarse_dirt":71,"minecraft:rotten_flesh":1,"minecraft:flower_pot":1,"minecraft:iron_chestplate":2,"minecraft:azalea":6,"minecraft:sandstone":31,"minecraft:wooden_pickaxe":1},"minecraft:killed_by":{"minecraft:player":9,"minecraft:spider":1,"hordes:zombie_player":2,"mutantmonsters:mutant_skeleton":1,"minecraft:skeleton":6,"minecraft:zombie":2,"alexsmobs:tarantula_hawk":1,"alexsmobs:komodo_dragon":4},"minecraft:broken":{"minecraft:stone_pickaxe":2,"minecraft:stone_axe":1,"minecraft:stone_shovel":1},"minecraft:picked_up":{"minecraft:crafting_table":6,"minecraft:iron_chestplate":6,"minecraft:coarse_dirt":71,"minecraft:wheat":32,"minecraft:sandstone_slab":3,"minecraft:flower_pot":4,"minecraft:clay_ball":576,"minecraft:wooden_pickaxe":1,"minecraft:brown_bed":1,"minecraft:enchanted_book":25,"max_armory:diamond_machete":7,"minecraft:shield":9,"minecraft:string":2,"minecraft:moss_carpet":12,"minecraft:raw_copper":30,"minecraft:beetroot":14,"alexsmobs:emu_feather":1,"minecraft:bucket":6,"minecraft:azalea":6,"minecraft:poppy":8,"minecraft:lectern":1,"minecraft:melon_slice":29,"minecraft:chest":1,"minecraft:sugar_cane":30,"minecraft:stick":11,"minecraft:raw_iron":50,"minecraft:sandstone":154,"projectvibrantjourneys:bark_mushroom":2,"minecraft:torch":30,"minecraft:green_bed":5,"pointblank:gunmetal_nugget":89,"minecraft:carrot":42,"minecraft:smooth_sandstone_slab":18,"minecraft:rotten_flesh":6,"minecraft:stone_shovel":2,"minecraft:arrow":42,"minecraft:cactus":8,"minecraft:beetroot_seeds":48,"k_turrets:raw_titanium":7,"minecraft:hay_block":2,"projectvibrantjourneys:cattail":3,"minecraft:glow_berries":9,"minecraft:mutton":1,"alexsmobs:kangaroo_meat":2,"minecraft:cobblestone":399,"minecraft:lime_bed":10,"minecraft:feather":2,"minecraft:water_bucket":5,"minecraft:jungle_log":36,"projectvibrantjourneys:fallen_leaves":4,"minecraft:cut_sandstone":14,"minecraft:smoker":3,"minecraft:red_mushroom":1,"minecraft:potato":39,"minecraft:flint":9,"minecraft:lapis_lazuli":25,"minecraft:dirt":204,"minecraft:leather_boots":5,"minecraft:smooth_sandstone":63,"minecraft:bone":137,"minecraft:stonecutter":6,"minecraft:bow":7,"minecraft:wheat_seeds":64,"minecraft:bell":1,"minecraft:stone_pickaxe":15,"minecraft:iron_ingot":121,"minecraft:fletching_table":1,"minecraft:stone_hoe":9,"minecraft:moss_block":128,"minecraft:flowering_azalea":3,"projectvibrantjourneys:acacia_hollow_log":1,"minecraft:gravel":2,"minecraft:jungle_planks":136,"minecraft:sand":55,"minecraft:cyan_bed":3,"minecraft:jungle_slab":254,"alexsmobs:animal_dictionary":5,"minecraft:leather_helmet":11,"minecraft:iron_hoe":10,"minecraft:stone_axe":10,"minecraft:iron_helmet":2,"minecraft:bread":7,"minecraft:terracotta":10,"projectvibrantjourneys:orange_bark_mushroom":5,"minecraft:melon_seeds":4,"minecraft:coal":788,"minecraft:ender_pearl":30},"minecraft:crafted":{"minecraft:stone_shovel":1,"minecraft:furnace":1,"minecraft:bone_meal":3,"minecraft:stone_pickaxe":5,"minecraft:chest":3,"minecraft:stone_hoe":1,"minecraft:wheat":18,"minecraft:crafting_table":1,"minecraft:bucket":1,"minecraft:stone_axe":3,"minecraft:bread":10,"minecraft:jungle_slab":120,"minecraft:air":0,"minecraft:jungle_planks":128,"minecraft:shield":1,"minecraft:stick":20,"minecraft:iron_ingot":17,"minecraft:acacia_planks":2,"minecraft:composter":1,"minecraft:torch":20},"minecraft:used":{"minecraft:moss_block":7,"minecraft:moss_carpet":1,"minecraft:stone_shovel":135,"minecraft:chest":4,"minecraft:shield":18,"minecraft:stone_hoe":87,"minecraft:bell":1,"minecraft:torch":23,"minecraft:dirt":90,"minecraft:jungle_planks":39,"minecraft:jungle_slab":99,"minecraft:iron_hoe":6,"projectvibrantjourneys:fallen_leaves":1,"minecraft:smooth_sandstone":13,"minecraft:jungle_log":4,"minecraft:furnace":1,"projectvibrantjourneys:cattail":1,"minecraft:beetroot_seeds":3,"minecraft:potato":4,"minecraft:cooked_beef":4,"minecraft:brown_bed":1,"minecraft:calcite":2,"minecraft:wheat_seeds":22,"minecraft:water_bucket":19,"minecraft:stone_pickaxe":416,"minecraft:sandstone":3,"minecraft:cut_sandstone":14,"minecraft:composter":1,"minecraft:sugar_cane":23,"minecraft:leather_boots":1,"minecraft:green_bed":3,"minecraft:glow_berries":13,"minecraft:sand":7,"minecraft:lime_bed":8,"minecraft:crafting_table":7,"max_armory:diamond_machete":18,"minecraft:flower_pot":2,"minecraft:bread":14,"minecraft:cyan_bed":3,"alexsmobs:kangaroo_meat":2,"minecraft:leather_helmet":2,"minecraft:gravel":1,"minecraft:stone_axe":110,"minecraft:wooden_sword":16,"minecraft:cobblestone":119,"minecraft:bucket":19,"minecraft:sandstone_slab":2,"alexsmobs:animal_dictionary":3,"minecraft:bone_meal":3},"minecraft:killed":{"hordes:zombie_player":1,"minecraft:skeleton":4,"alexsmobs:kangaroo":1,"minecraft:husk":2,"alexsmobs:guster":2,"minecraft:iron_golem":1,"alexsmobs:emu":1,"alexsmobs:gazelle":1,"alexsmobs:roadrunner":2,"alexsmobs:komodo_dragon":3,"alexsmobs:jerboa":1},"minecraft:custom":{"minecraft:mob_kills":22,"minecraft:interact_with_crafting_table":27,"minecraft:open_barrel":9,"minecraft:bell_ring":15,"minecraft:damage_dealt_resisted":2339,"minecraft:leave_game":7,"minecraft:time_since_death":17829,"minecraft:climb_one_cm":6133,"minecraft:sprint_one_cm":470125,"minecraft:walk_one_cm":543379,"minecraft:damage_blocked_by_shield":1215,"minecraft:drop":28,"minecraft:talked_to_villager":7,"minecraft:play_time":205443,"minecraft:sneak_time":5425,"minecraft:deaths":35,"minecraft:walk_under_water_one_cm":13421,"minecraft:boat_one_cm":35101,"minecraft:interact_with_brewingstand":1,"minecraft:jump":4675,"minecraft:walk_on_water_one_cm":24218,"minecraft:total_world_time":205443,"minecraft:interact_with_furnace":9,"minecraft:sleep_in_bed":10,"minecraft:time_since_rest":17852,"minecraft:damage_taken":11172,"minecraft:damage_dealt":4167,"minecraft:swim_one_cm":49295,"minecraft:fly_one_cm":877748,"minecraft:open_chest":43,"minecraft:crouch_one_cm":18525,"minecraft:fall_one_cm":173450,"minecraft:horse_one_cm":13},"minecraft:mined":{"minecraft:cut_sandstone_slab":1,"minecraft:attached_melon_stem":1,"minecraft:jungle_slab":7,"minecraft:potted_cactus":2,"projectvibrantjourneys:rocks":5,"minecraft:cave_vines_plant":1,"minecraft:grass_block":88,"minecraft:jungle_planks":19,"minecraft:jungle_log":36,"minecraft:moss_block":52,"minecraft:sandstone":29,"minecraft:hay_block":2,"minecraft:carrots":11,"minecraft:iron_ore":22,"minecraft:moss_carpet":5,"minecraft:fletching_table":1,"minecraft:brown_bed":1,"minecraft:potatoes":11,"minecraft:cave_vines":2,"minecraft:vine":3,"minecraft:flowering_azalea_leaves":2,"minecraft:dirt_path":2,"minecraft:azalea":2,"minecraft:azalea_leaves":6,"projectvibrantjourneys:seashells":1,"minecraft:stone":67,"minecraft:green_bed":3,"projectvibrantjourneys:cattail":2,"minecraft:sandstone_slab":3,"minecraft:cut_sandstone":14,"minecraft:melon_stem":2,"minecraft:smoker":1,"minecraft:clay":25,"minecraft:smooth_sandstone":26,"minecraft:crafting_table":6,"minecraft:torch":2,"projectvibrantjourneys:small_cactus":1,"projectvibrantjourneys:twigs":3,"minecraft:melon":6,"minecraft:chest":1,"minecraft:lectern":1,"minecraft:dead_bush":2,"projectvibrantjourneys:mossy_rocks":2,"minecraft:tall_grass":1,"minecraft:copper_ore":2,"minecraft:cobblestone":15,"minecraft:cyan_bed":4,"minecraft:lapis_ore":1,"projectvibrantjourneys:fallen_leaves":2,"minecraft:sugar_cane":17,"minecraft:smooth_sandstone_slab":3,"projectvibrantjourneys:acacia_hollow_log":1,"minecraft:wall_torch":4,"minecraft:lime_bed":8,"minecraft:coarse_dirt":71,"minecraft:cobblestone_wall":1,"minecraft:wheat":19,"k_turrets:titanium_ore":7,"minecraft:grass":7,"minecraft:coal_ore":212,"projectvibrantjourneys:short_grass":16,"minecraft:beetroots":17,"minecraft:flower_pot":1,"minecraft:gravel":2,"minecraft:sand":18,"minecraft:dirt":13,"minecraft:cobweb":3,"minecraft:terracotta":2,"minecraft:stonecutter":1,"minecraft:small_dripleaf":1,"minecraft:fern":2}},"DataVersion":3465}