{"stats":{"minecraft:dropped":{"minecraft:moss_block":39,"minecraft:wheat_seeds":1,"minecraft:coal":60,"minecraft:jungle_slab":5,"minecraft:flowering_azalea":3,"minecraft:sand":1,"minecraft:string":2,"minecraft:smooth_sandstone":1,"minecraft:moss_carpet":4,"minecraft:coarse_dirt":71,"minecraft:rotten_flesh":1,"minecraft:flower_pot":1,"minecraft:iron_chestplate":2,"minecraft:azalea":5,"minecraft:wooden_pickaxe":1},"minecraft:killed_by":{"minecraft:player":5,"minecraft:spider":1,"mutantmonsters:mutant_skeleton":1,"minecraft:skeleton":3,"minecraft:zombie":1,"alexsmobs:tarantula_hawk":1,"alexsmobs:komodo_dragon":4},"minecraft:broken":{"minecraft:stone_pickaxe":1,"minecraft:stone_shovel":1},"minecraft:picked_up":{"minecraft:iron_chestplate":6,"minecraft:crafting_table":5,"minecraft:coarse_dirt":71,"minecraft:wheat":18,"minecraft:sandstone_slab":2,"minecraft:clay_ball":384,"minecraft:flower_pot":2,"minecraft:wooden_pickaxe":1,"minecraft:enchanted_book":25,"max_armory:diamond_machete":7,"minecraft:shield":3,"minecraft:string":2,"minecraft:moss_carpet":10,"minecraft:raw_copper":30,"alexsmobs:emu_feather":1,"minecraft:bucket":6,"minecraft:azalea":5,"minecraft:poppy":4,"minecraft:sugar_cane":7,"minecraft:stick":9,"minecraft:raw_iron":8,"minecraft:sandstone":90,"projectvibrantjourneys:bark_mushroom":2,"minecraft:torch":10,"minecraft:green_bed":5,"pointblank:gunmetal_nugget":81,"minecraft:smooth_sandstone_slab":12,"minecraft:stone_shovel":2,"minecraft:cactus":6,"minecraft:rotten_flesh":6,"minecraft:beetroot_seeds":6,"minecraft:hay_block":2,"projectvibrantjourneys:cattail":1,"minecraft:glow_berries":9,"minecraft:mutton":1,"alexsmobs:kangaroo_meat":2,"minecraft:cobblestone":310,"minecraft:lime_bed":9,"minecraft:feather":2,"minecraft:jungle_log":36,"projectvibrantjourneys:fallen_leaves":4,"minecraft:cut_sandstone":14,"minecraft:smoker":3,"minecraft:red_mushroom":1,"minecraft:flint":9,"minecraft:lapis_lazuli":25,"minecraft:dirt":202,"minecraft:leather_boots":5,"minecraft:smooth_sandstone":63,"minecraft:bone":129,"minecraft:stonecutter":4,"minecraft:wheat_seeds":26,"minecraft:bell":1,"minecraft:stone_pickaxe":9,"minecraft:iron_ingot":79,"minecraft:stone_hoe":3,"minecraft:moss_block":128,"minecraft:flowering_azalea":3,"projectvibrantjourneys:acacia_hollow_log":1,"minecraft:jungle_planks":70,"minecraft:sand":38,"minecraft:cyan_bed":2,"minecraft:jungle_slab":252,"alexsmobs:animal_dictionary":5,"minecraft:leather_helmet":11,"minecraft:iron_hoe":10,"minecraft:stone_axe":4,"minecraft:iron_helmet":2,"minecraft:bread":7,"minecraft:terracotta":10,"projectvibrantjourneys:orange_bark_mushroom":4,"minecraft:coal":643,"minecraft:ender_pearl":30},"minecraft:crafted":{"minecraft:stone_shovel":1,"minecraft:furnace":1,"minecraft:bone_meal":3,"minecraft:stone_pickaxe":5,"minecraft:stone_hoe":1,"minecraft:wheat":18,"minecraft:crafting_table":1,"minecraft:bucket":1,"minecraft:stone_axe":3,"minecraft:jungle_slab":120,"minecraft:bread":10,"minecraft:air":0,"minecraft:jungle_planks":128,"minecraft:shield":1,"minecraft:stick":20,"minecraft:iron_ingot":8,"minecraft:composter":1,"minecraft:acacia_planks":2,"minecraft:torch":12},"minecraft:used":{"minecraft:moss_block":7,"minecraft:stone_shovel":135,"minecraft:shield":10,"minecraft:bell":1,"minecraft:stone_hoe":85,"minecraft:torch":12,"minecraft:dirt":90,"minecraft:jungle_planks":33,"minecraft:jungle_slab":98,"minecraft:iron_hoe":6,"projectvibrantjourneys:fallen_leaves":1,"minecraft:smooth_sandstone":13,"minecraft:jungle_log":4,"minecraft:furnace":1,"projectvibrantjourneys:cattail":1,"minecraft:beetroot_seeds":3,"minecraft:wheat_seeds":8,"minecraft:water_bucket":4,"minecraft:stone_pickaxe":253,"minecraft:sandstone":3,"minecraft:cut_sandstone":14,"minecraft:composter":1,"minecraft:green_bed":3,"minecraft:leather_boots":1,"minecraft:glow_berries":13,"minecraft:sand":7,"minecraft:crafting_table":6,"minecraft:lime_bed":7,"max_armory:diamond_machete":18,"minecraft:flower_pot":1,"minecraft:bread":14,"minecraft:cyan_bed":2,"alexsmobs:kangaroo_meat":2,"minecraft:leather_helmet":2,"minecraft:stone_axe":93,"minecraft:wooden_sword":16,"minecraft:cobblestone":119,"minecraft:bucket":5,"minecraft:sandstone_slab":2,"alexsmobs:animal_dictionary":3,"minecraft:bone_meal":3},"minecraft:killed":{"minecraft:skeleton":2,"alexsmobs:kangaroo":1,"minecraft:husk":2,"alexsmobs:guster":2,"minecraft:iron_golem":1,"alexsmobs:emu":1,"alexsmobs:gazelle":1,"alexsmobs:roadrunner":2,"alexsmobs:komodo_dragon":3,"alexsmobs:jerboa":1},"minecraft:custom":{"minecraft:mob_kills":18,"minecraft:interact_with_crafting_table":23,"minecraft:bell_ring":10,"minecraft:damage_dealt_resisted":2309,"minecraft:leave_game":5,"minecraft:time_since_death":2201,"minecraft:climb_one_cm":4872,"minecraft:sprint_one_cm":313861,"minecraft:walk_one_cm":408084,"minecraft:damage_blocked_by_shield":480,"minecraft:drop":25,"minecraft:talked_to_villager":4,"minecraft:play_time":159109,"minecraft:deaths":24,"minecraft:sneak_time":4772,"minecraft:walk_under_water_one_cm":9258,"minecraft:boat_one_cm":35101,"minecraft:jump":3766,"minecraft:walk_on_water_one_cm":17383,"minecraft:total_world_time":159109,"minecraft:interact_with_furnace":5,"minecraft:sleep_in_bed":6,"minecraft:time_since_rest":2230,"minecraft:damage_taken":8133,"minecraft:damage_dealt":3585,"minecraft:swim_one_cm":37516,"minecraft:fly_one_cm":686507,"minecraft:open_chest":27,"minecraft:crouch_one_cm":15155,"minecraft:fall_one_cm":145413},"minecraft:mined":{"minecraft:cut_sandstone_slab":1,"minecraft:jungle_slab":7,"minecraft:potted_cactus":1,"projectvibrantjourneys:rocks":3,"minecraft:cave_vines_plant":1,"minecraft:grass_block":88,"minecraft:jungle_planks":13,"minecraft:jungle_log":36,"minecraft:moss_block":51,"minecraft:sandstone":28,"minecraft:hay_block":2,"minecraft:iron_ore":8,"minecraft:moss_carpet":3,"minecraft:dirt_path":2,"minecraft:vine":3,"minecraft:cave_vines":2,"minecraft:flowering_azalea_leaves":2,"minecraft:azalea_leaves":6,"projectvibrantjourneys:seashells":1,"minecraft:stone":57,"minecraft:green_bed":3,"projectvibrantjourneys:cattail":1,"minecraft:sandstone_slab":2,"minecraft:cut_sandstone":14,"minecraft:smoker":1,"minecraft:torch":2,"minecraft:smooth_sandstone":26,"minecraft:clay":25,"minecraft:crafting_table":5,"projectvibrantjourneys:small_cactus":1,"projectvibrantjourneys:twigs":3,"minecraft:dead_bush":2,"projectvibrantjourneys:mossy_rocks":2,"minecraft:copper_ore":2,"minecraft:cobblestone":15,"minecraft:lapis_ore":1,"minecraft:cyan_bed":2,"projectvibrantjourneys:fallen_leaves":2,"minecraft:sugar_cane":5,"minecraft:smooth_sandstone_slab":3,"projectvibrantjourneys:acacia_hollow_log":1,"minecraft:wall_torch":3,"minecraft:lime_bed":7,"minecraft:coarse_dirt":71,"minecraft:cobblestone_wall":1,"minecraft:wheat":6,"minecraft:grass":2,"minecraft:coal_ore":83,"projectvibrantjourneys:short_grass":16,"minecraft:beetroots":3,"minecraft:flower_pot":1,"minecraft:sand":17,"minecraft:dirt":13,"minecraft:cobweb":3,"minecraft:terracotta":2,"minecraft:stonecutter":1,"minecraft:small_dripleaf":1}},"DataVersion":3465}