{"stats":{"minecraft:dropped":{"walkietalkie:netherite_walkietalkie":1},"minecraft:mined":{"projectvibrantjourneys:cattail":1,"projectvibrantjourneys:twigs":1,"walkietalkie:speaker":1,"projectvibrantjourneys:short_grass":2},"minecraft:killed_by":{"minecraft:player":4,"alexsmobs:grizzly_bear":3},"minecraft:killed":{"alexsmobs:blue_jay":2},"minecraft:custom":{"minecraft:time_since_rest":317,"minecraft:damage_taken":2004,"minecraft:crouch_one_cm":59,"minecraft:play_time":20334,"minecraft:sprint_one_cm":11804,"minecraft:deaths":8,"minecraft:walk_one_cm":22560,"minecraft:sneak_time":21,"minecraft:walk_under_water_one_cm":1324,"minecraft:mob_kills":2,"minecraft:drop":1,"minecraft:jump":203,"minecraft:damage_dealt":34,"minecraft:leave_game":3,"minecraft:time_since_death":0,"minecraft:walk_on_water_one_cm":2158,"minecraft:total_world_time":20334,"minecraft:swim_one_cm":3048,"minecraft:fall_one_cm":8306,"minecraft:fly_one_cm":39545},"minecraft:picked_up":{"walkietalkie:wooden_walkietalkie":1,"walkietalkie:speaker":1,"tacz:modern_kinetic_gun":1,"pointblank:ballista":2,"minecraft:shield":1,"walkietalkie:netherite_walkietalkie":4},"minecraft:used":{"walkietalkie:speaker":1}},"DataVersion":3465}