{"stats":{"minecraft:picked_up":{"minecraft:iron_chestplate":3,"minecraft:crafting_table":5,"minecraft:wheat":7,"minecraft:sandstone_slab":1,"minecraft:flower_pot":1,"minecraft:enchanted_book":13,"max_armory:diamond_machete":3,"minecraft:shield":2,"minecraft:string":2,"minecraft:moss_carpet":10,"minecraft:raw_copper":30,"alexsmobs:emu_feather":1,"minecraft:bucket":3,"minecraft:azalea":3,"minecraft:sugar_cane":3,"minecraft:raw_iron":8,"minecraft:stick":3,"minecraft:sandstone":1,"projectvibrantjourneys:bark_mushroom":2,"minecraft:torch":4,"minecraft:green_bed":1,"pointblank:gunmetal_nugget":45,"minecraft:cactus":3,"minecraft:rotten_flesh":5,"minecraft:hay_block":2,"minecraft:glow_berries":9,"minecraft:mutton":1,"alexsmobs:kangaroo_meat":2,"minecraft:cobblestone":72,"minecraft:lime_bed":4,"minecraft:feather":2,"minecraft:jungle_log":26,"projectvibrantjourneys:fallen_leaves":1,"minecraft:cut_sandstone":14,"minecraft:red_mushroom":1,"minecraft:flint":6,"minecraft:lapis_lazuli":10,"minecraft:dirt":4,"minecraft:leather_boots":2,"minecraft:bone":126,"minecraft:wheat_seeds":7,"minecraft:bell":1,"minecraft:stone_pickaxe":1,"minecraft:iron_ingot":30,"minecraft:flowering_azalea":3,"projectvibrantjourneys:acacia_hollow_log":1,"minecraft:jungle_planks":13,"minecraft:sand":6,"minecraft:cyan_bed":1,"minecraft:jungle_slab":164,"alexsmobs:animal_dictionary":2,"minecraft:leather_helmet":4,"minecraft:iron_hoe":4,"minecraft:iron_helmet":2,"minecraft:bread":7,"minecraft:terracotta":4,"minecraft:coal":326,"minecraft:ender_pearl":15},"minecraft:killed":{"minecraft:skeleton":1,"alexsmobs:kangaroo":1,"minecraft:husk":2,"alexsmobs:guster":1,"alexsmobs:emu":1,"alexsmobs:gazelle":1,"alexsmobs:roadrunner":2,"alexsmobs:jerboa":1},"minecraft:broken":{"minecraft:stone_pickaxe":1},"minecraft:killed_by":{"minecraft:player":3,"mutantmonsters:mutant_skeleton":1,"minecraft:skeleton":2,"minecraft:zombie":1,"alexsmobs:tarantula_hawk":1,"alexsmobs:komodo_dragon":1},"minecraft:crafted":{"minecraft:furnace":1,"minecraft:stone_pickaxe":2,"minecraft:wheat":18,"minecraft:crafting_table":1,"minecraft:stone_axe":1,"minecraft:jungle_slab":120,"minecraft:bread":10,"minecraft:air":0,"minecraft:jungle_planks":88,"minecraft:stick":8,"minecraft:iron_ingot":8,"minecraft:composter":1,"minecraft:acacia_planks":2,"minecraft:torch":12},"minecraft:dropped":{"minecraft:jungle_slab":5,"minecraft:flowering_azalea":3,"minecraft:string":2,"minecraft:moss_carpet":1,"minecraft:rotten_flesh":1,"minecraft:flower_pot":1,"minecraft:iron_chestplate":2,"minecraft:azalea":3},"minecraft:used":{"minecraft:shield":3,"minecraft:bell":1,"minecraft:torch":11,"minecraft:dirt":1,"minecraft:jungle_planks":25,"minecraft:jungle_slab":98,"projectvibrantjourneys:fallen_leaves":1,"minecraft:jungle_log":4,"minecraft:furnace":1,"minecraft:water_bucket":1,"minecraft:stone_pickaxe":188,"minecraft:cut_sandstone":14,"minecraft:composter":1,"minecraft:green_bed":1,"minecraft:glow_berries":13,"minecraft:sand":5,"minecraft:crafting_table":6,"minecraft:lime_bed":4,"max_armory:diamond_machete":15,"minecraft:bread":14,"minecraft:cyan_bed":1,"alexsmobs:kangaroo_meat":2,"minecraft:leather_helmet":1,"minecraft:stone_axe":23,"minecraft:wooden_sword":16,"minecraft:cobblestone":119,"minecraft:bucket":1,"minecraft:sandstone_slab":1,"alexsmobs:animal_dictionary":3},"minecraft:custom":{"minecraft:mob_kills":10,"minecraft:interact_with_crafting_table":10,"minecraft:bell_ring":10,"minecraft:damage_dealt_resisted":64,"minecraft:leave_game":2,"minecraft:time_since_death":4829,"minecraft:climb_one_cm":1700,"minecraft:sprint_one_cm":170032,"minecraft:walk_one_cm":204313,"minecraft:damage_blocked_by_shield":180,"minecraft:drop":12,"minecraft:talked_to_villager":3,"minecraft:play_time":87138,"minecraft:deaths":12,"minecraft:sneak_time":2980,"minecraft:walk_under_water_one_cm":7056,"minecraft:boat_one_cm":35101,"minecraft:jump":2290,"minecraft:walk_on_water_one_cm":13207,"minecraft:total_world_time":87138,"minecraft:interact_with_furnace":5,"minecraft:sleep_in_bed":3,"minecraft:time_since_rest":2165,"minecraft:damage_taken":4179,"minecraft:damage_dealt":1196,"minecraft:swim_one_cm":36202,"minecraft:fly_one_cm":457521,"minecraft:open_chest":18,"minecraft:crouch_one_cm":7625,"minecraft:fall_one_cm":75398},"minecraft:mined":{"minecraft:cut_sandstone_slab":1,"minecraft:jungle_slab":6,"minecraft:potted_cactus":1,"projectvibrantjourneys:rocks":3,"minecraft:cave_vines_plant":1,"minecraft:grass_block":1,"minecraft:jungle_planks":5,"minecraft:jungle_log":26,"minecraft:moss_block":3,"minecraft:hay_block":2,"minecraft:iron_ore":8,"minecraft:moss_carpet":3,"minecraft:cave_vines":2,"minecraft:flowering_azalea_leaves":1,"minecraft:azalea_leaves":2,"projectvibrantjourneys:seashells":1,"minecraft:stone":56,"minecraft:green_bed":1,"minecraft:sandstone_slab":1,"minecraft:cut_sandstone":14,"minecraft:crafting_table":5,"minecraft:clay":1,"minecraft:smooth_sandstone":1,"projectvibrantjourneys:twigs":3,"minecraft:dead_bush":1,"projectvibrantjourneys:mossy_rocks":2,"minecraft:copper_ore":2,"minecraft:cobblestone":14,"minecraft:lapis_ore":1,"minecraft:cyan_bed":1,"projectvibrantjourneys:fallen_leaves":1,"minecraft:sugar_cane":2,"minecraft:wall_torch":3,"projectvibrantjourneys:acacia_hollow_log":1,"minecraft:lime_bed":4,"minecraft:cobblestone_wall":1,"minecraft:wheat":3,"minecraft:grass":2,"minecraft:coal_ore":82,"projectvibrantjourneys:short_grass":4,"minecraft:sand":8,"minecraft:dirt":3,"minecraft:cobweb":3,"minecraft:terracotta":2}},"DataVersion":3465}