{"stats":{"minecraft:picked_up":{"minecraft:iron_chestplate":4,"minecraft:crafting_table":5,"minecraft:coarse_dirt":70,"minecraft:wheat":9,"minecraft:sandstone_slab":2,"minecraft:flower_pot":2,"minecraft:enchanted_book":18,"max_armory:diamond_machete":4,"minecraft:shield":2,"minecraft:string":2,"minecraft:moss_carpet":10,"minecraft:raw_copper":30,"alexsmobs:emu_feather":1,"minecraft:bucket":4,"minecraft:azalea":3,"minecraft:sugar_cane":3,"minecraft:raw_iron":8,"minecraft:stick":4,"minecraft:sandstone":1,"projectvibrantjourneys:bark_mushroom":2,"minecraft:torch":5,"minecraft:green_bed":1,"pointblank:gunmetal_nugget":57,"minecraft:cactus":4,"minecraft:rotten_flesh":6,"minecraft:hay_block":2,"minecraft:glow_berries":9,"minecraft:mutton":1,"alexsmobs:kangaroo_meat":2,"minecraft:cobblestone":72,"minecraft:lime_bed":4,"minecraft:feather":2,"minecraft:jungle_log":26,"projectvibrantjourneys:fallen_leaves":2,"minecraft:cut_sandstone":14,"minecraft:red_mushroom":1,"minecraft:flint":9,"minecraft:lapis_lazuli":15,"minecraft:dirt":16,"minecraft:leather_boots":3,"minecraft:smooth_sandstone":2,"minecraft:bone":126,"minecraft:wheat_seeds":9,"minecraft:bell":1,"minecraft:stone_pickaxe":2,"minecraft:iron_ingot":40,"minecraft:flowering_azalea":3,"projectvibrantjourneys:acacia_hollow_log":1,"minecraft:jungle_planks":14,"minecraft:sand":6,"minecraft:cyan_bed":1,"minecraft:jungle_slab":185,"alexsmobs:animal_dictionary":3,"minecraft:leather_helmet":6,"minecraft:iron_hoe":6,"minecraft:iron_helmet":2,"minecraft:bread":7,"minecraft:terracotta":6,"minecraft:coal":450,"minecraft:ender_pearl":20},"minecraft:killed":{"minecraft:skeleton":1,"alexsmobs:kangaroo":1,"minecraft:husk":2,"alexsmobs:guster":1,"alexsmobs:emu":1,"alexsmobs:gazelle":1,"alexsmobs:roadrunner":2,"alexsmobs:komodo_dragon":1,"alexsmobs:jerboa":1},"minecraft:broken":{"minecraft:stone_pickaxe":1},"minecraft:killed_by":{"minecraft:player":4,"mutantmonsters:mutant_skeleton":1,"minecraft:skeleton":2,"minecraft:zombie":1,"alexsmobs:tarantula_hawk":1,"alexsmobs:komodo_dragon":1},"minecraft:crafted":{"minecraft:furnace":1,"minecraft:stone_pickaxe":2,"minecraft:wheat":18,"minecraft:crafting_table":1,"minecraft:stone_axe":1,"minecraft:jungle_slab":120,"minecraft:bread":10,"minecraft:air":0,"minecraft:jungle_planks":88,"minecraft:stick":8,"minecraft:iron_ingot":8,"minecraft:composter":1,"minecraft:acacia_planks":2,"minecraft:torch":12},"minecraft:dropped":{"minecraft:jungle_slab":5,"minecraft:flowering_azalea":3,"minecraft:string":2,"minecraft:smooth_sandstone":1,"minecraft:moss_carpet":4,"minecraft:coarse_dirt":70,"minecraft:rotten_flesh":1,"minecraft:flower_pot":1,"minecraft:iron_chestplate":2,"minecraft:azalea":3},"minecraft:used":{"minecraft:shield":3,"minecraft:bell":1,"minecraft:torch":11,"minecraft:dirt":1,"minecraft:jungle_planks":25,"minecraft:jungle_slab":98,"minecraft:iron_hoe":6,"projectvibrantjourneys:fallen_leaves":1,"minecraft:smooth_sandstone":1,"minecraft:jungle_log":4,"minecraft:furnace":1,"minecraft:water_bucket":1,"minecraft:stone_pickaxe":190,"minecraft:cut_sandstone":14,"minecraft:composter":1,"minecraft:green_bed":1,"minecraft:glow_berries":13,"minecraft:sand":6,"minecraft:crafting_table":6,"minecraft:lime_bed":4,"max_armory:diamond_machete":18,"minecraft:flower_pot":1,"minecraft:cyan_bed":1,"minecraft:bread":14,"alexsmobs:kangaroo_meat":2,"minecraft:leather_helmet":1,"minecraft:stone_axe":23,"minecraft:wooden_sword":16,"minecraft:cobblestone":119,"minecraft:sandstone_slab":2,"minecraft:bucket":1,"alexsmobs:animal_dictionary":3},"minecraft:custom":{"minecraft:mob_kills":12,"minecraft:interact_with_crafting_table":10,"minecraft:bell_ring":10,"minecraft:damage_dealt_resisted":70,"minecraft:leave_game":4,"minecraft:time_since_death":9032,"minecraft:climb_one_cm":2080,"minecraft:sprint_one_cm":187295,"minecraft:walk_one_cm":229163,"minecraft:damage_blocked_by_shield":180,"minecraft:drop":18,"minecraft:talked_to_villager":3,"minecraft:play_time":100239,"minecraft:deaths":13,"minecraft:sneak_time":3269,"minecraft:walk_under_water_one_cm":8166,"minecraft:boat_one_cm":35101,"minecraft:jump":2503,"minecraft:walk_on_water_one_cm":15131,"minecraft:total_world_time":100239,"minecraft:interact_with_furnace":5,"minecraft:sleep_in_bed":3,"minecraft:time_since_rest":9075,"minecraft:damage_taken":4644,"minecraft:damage_dealt":1286,"minecraft:swim_one_cm":37516,"minecraft:fly_one_cm":499072,"minecraft:open_chest":18,"minecraft:crouch_one_cm":8972,"minecraft:fall_one_cm":85041},"minecraft:mined":{"minecraft:cut_sandstone_slab":1,"minecraft:jungle_slab":6,"minecraft:potted_cactus":1,"projectvibrantjourneys:rocks":3,"minecraft:cave_vines_plant":1,"minecraft:grass_block":8,"minecraft:jungle_planks":5,"minecraft:jungle_log":26,"minecraft:moss_block":3,"minecraft:hay_block":2,"minecraft:iron_ore":8,"minecraft:moss_carpet":3,"minecraft:cave_vines":2,"minecraft:flowering_azalea_leaves":1,"minecraft:azalea_leaves":2,"projectvibrantjourneys:seashells":1,"minecraft:stone":56,"minecraft:green_bed":1,"minecraft:sandstone_slab":2,"minecraft:cut_sandstone":14,"minecraft:smooth_sandstone":2,"minecraft:clay":1,"minecraft:crafting_table":5,"projectvibrantjourneys:twigs":3,"minecraft:dead_bush":2,"projectvibrantjourneys:mossy_rocks":2,"minecraft:copper_ore":2,"minecraft:cobblestone":14,"minecraft:lapis_ore":1,"minecraft:cyan_bed":1,"projectvibrantjourneys:fallen_leaves":2,"minecraft:sugar_cane":2,"projectvibrantjourneys:acacia_hollow_log":1,"minecraft:wall_torch":3,"minecraft:lime_bed":4,"minecraft:coarse_dirt":70,"minecraft:cobblestone_wall":1,"minecraft:wheat":3,"minecraft:grass":2,"minecraft:coal_ore":82,"projectvibrantjourneys:short_grass":8,"minecraft:flower_pot":1,"minecraft:sand":8,"minecraft:dirt":8,"minecraft:cobweb":3,"minecraft:terracotta":2}},"DataVersion":3465}