{"stats":{"minecraft:dropped":{"minecraft:iron_sword":1,"walkietalkie:netherite_walkietalkie":1},"minecraft:mined":{"projectvibrantjourneys:cattail":1,"walkietalkie:speaker":1,"minecraft:spruce_log":13,"projectvibrantjourneys:bark_mushroom":1,"minecraft:crafting_table":1,"projectvibrantjourneys:twigs":1,"minecraft:oak_log":6,"minecraft:coal_ore":15,"projectvibrantjourneys:short_grass":3,"minecraft:tall_grass":1,"minecraft:stone":14,"minecraft:sugar_cane":2},"minecraft:killed_by":{"minecraft:player":4,"minecraft:skeleton":1,"minecraft:spider":1,"alexsmobs:grizzly_bear":3},"minecraft:killed":{"alexsmobs:blue_jay":2,"minecraft:pig":6},"minecraft:custom":{"minecraft:time_since_rest":12267,"minecraft:interact_with_furnace":2,"minecraft:sprint_one_cm":42501,"minecraft:damage_taken":2579,"minecraft:walk_one_cm":53914,"minecraft:mob_kills":8,"minecraft:drop":2,"minecraft:damage_dealt":889,"minecraft:interact_with_crafting_table":7,"minecraft:swim_one_cm":3355,"minecraft:talked_to_villager":6,"minecraft:fly_one_cm":130356,"minecraft:player_kills":1,"minecraft:open_chest":2,"minecraft:crouch_one_cm":185,"minecraft:play_time":39848,"minecraft:deaths":10,"minecraft:sneak_time":80,"minecraft:walk_under_water_one_cm":1368,"minecraft:jump":720,"minecraft:leave_game":5,"minecraft:time_since_death":12231,"minecraft:walk_on_water_one_cm":3981,"minecraft:total_world_time":39848,"minecraft:interact_with_smoker":3,"minecraft:fall_one_cm":25189},"minecraft:picked_up":{"walkietalkie:wooden_walkietalkie":1,"minecraft:stick":4,"minecraft:crafting_table":2,"projectvibrantjourneys:bark_mushroom":1,"minecraft:porkchop":14,"minecraft:oak_log":6,"minecraft:spruce_sapling":4,"minecraft:shield":2,"pointblank:ballista":2,"minecraft:spruce_log":13,"walkietalkie:netherite_walkietalkie":4,"walkietalkie:speaker":1,"tacz:modern_kinetic_gun":1,"minecraft:spruce_planks":24,"minecraft:iron_sword":1,"minecraft:sugar_cane":4,"minecraft:coal":15,"minecraft:cobblestone":14},"minecraft:used":{"minecraft:stone_pickaxe":26,"minecraft:wooden_pickaxe":3,"minecraft:stone_axe":15,"walkietalkie:speaker":1,"minecraft:crafting_table":2,"minecraft:cooked_porkchop":1,"minecraft:smoker":1},"minecraft:crafted":{"minecraft:oak_planks":24,"minecraft:cooked_porkchop":10,"minecraft:shield":1,"minecraft:crafting_table":2,"minecraft:spruce_planks":36,"minecraft:stick":8,"minecraft:iron_ingot":3,"minecraft:wooden_pickaxe":1,"minecraft:stone_pickaxe":1,"minecraft:iron_sword":1,"minecraft:furnace":1,"minecraft:stone_axe":1,"minecraft:air":0,"minecraft:smoker":1}},"DataVersion":3465}