{"stats":{"minecraft:picked_up":{"minecraft:stick":3,"minecraft:jungle_log":17,"minecraft:jungle_planks":1,"minecraft:azalea":3,"minecraft:coal":12,"minecraft:flowering_azalea":3,"minecraft:dirt":1,"minecraft:cobblestone":9},"minecraft:crafted":{"minecraft:torch":4,"minecraft:stone_pickaxe":1,"minecraft:jungle_planks":52},"minecraft:dropped":{"minecraft:flowering_azalea":3,"minecraft:azalea":3},"minecraft:used":{"minecraft:torch":2,"minecraft:dirt":1,"minecraft:jungle_planks":4,"minecraft:bread":3,"minecraft:stone_pickaxe":19,"minecraft:jungle_log":4,"alexsmobs:animal_dictionary":3},"minecraft:custom":{"minecraft:time_since_rest":10729,"minecraft:play_time":10729,"minecraft:sprint_one_cm":15437,"minecraft:damage_taken":130,"minecraft:walk_one_cm":20608,"minecraft:sneak_time":14,"minecraft:walk_under_water_one_cm":1079,"minecraft:drop":4,"minecraft:jump":218,"minecraft:time_since_death":10729,"minecraft:walk_on_water_one_cm":1321,"minecraft:climb_one_cm":249,"minecraft:total_world_time":10729,"minecraft:interact_with_crafting_table":2,"minecraft:swim_one_cm":1447,"minecraft:fall_one_cm":6253,"minecraft:fly_one_cm":37187},"minecraft:mined":{"projectvibrantjourneys:twigs":3,"minecraft:grass_block":1,"minecraft:coal_ore":13,"minecraft:jungle_planks":1,"minecraft:jungle_log":17,"minecraft:azalea_leaves":1,"minecraft:stone":6}},"DataVersion":3465}