{"stats":{"minecraft:dropped":{"minecraft:moss_block":39,"minecraft:wheat_seeds":1,"minecraft:coal":60,"minecraft:jungle_slab":5,"minecraft:flowering_azalea":3,"minecraft:sand":1,"minecraft:string":2,"minecraft:smooth_sandstone":1,"minecraft:moss_carpet":4,"minecraft:coarse_dirt":71,"minecraft:rotten_flesh":1,"minecraft:flower_pot":1,"minecraft:iron_chestplate":2,"minecraft:azalea":5,"minecraft:wooden_pickaxe":1},"minecraft:killed_by":{"minecraft:player":6,"minecraft:spider":1,"hordes:zombie_player":2,"mutantmonsters:mutant_skeleton":1,"minecraft:skeleton":5,"minecraft:zombie":2,"alexsmobs:tarantula_hawk":1,"alexsmobs:komodo_dragon":4},"minecraft:broken":{"minecraft:stone_pickaxe":2,"minecraft:stone_shovel":1},"minecraft:picked_up":{"minecraft:crafting_table":5,"minecraft:iron_chestplate":6,"minecraft:coarse_dirt":71,"minecraft:wheat":19,"minecraft:sandstone_slab":2,"minecraft:clay_ball":480,"minecraft:flower_pot":4,"minecraft:wooden_pickaxe":1,"minecraft:enchanted_book":25,"max_armory:diamond_machete":7,"minecraft:shield":4,"minecraft:string":2,"minecraft:moss_carpet":11,"minecraft:raw_copper":30,"alexsmobs:emu_feather":1,"minecraft:bucket":6,"minecraft:azalea":5,"minecraft:poppy":6,"minecraft:sugar_cane":7,"minecraft:stick":10,"minecraft:raw_iron":36,"minecraft:sandstone":92,"projectvibrantjourneys:bark_mushroom":2,"minecraft:torch":14,"minecraft:green_bed":5,"pointblank:gunmetal_nugget":89,"minecraft:smooth_sandstone_slab":15,"minecraft:rotten_flesh":6,"minecraft:stone_shovel":2,"minecraft:arrow":7,"minecraft:cactus":8,"minecraft:beetroot_seeds":6,"minecraft:hay_block":2,"projectvibrantjourneys:cattail":1,"minecraft:glow_berries":9,"minecraft:mutton":1,"alexsmobs:kangaroo_meat":2,"minecraft:cobblestone":353,"minecraft:lime_bed":10,"minecraft:feather":2,"minecraft:jungle_log":36,"projectvibrantjourneys:fallen_leaves":4,"minecraft:cut_sandstone":14,"minecraft:smoker":3,"minecraft:red_mushroom":1,"minecraft:flint":9,"minecraft:lapis_lazuli":25,"minecraft:dirt":203,"minecraft:leather_boots":5,"minecraft:smooth_sandstone":63,"minecraft:bone":132,"minecraft:stonecutter":5,"minecraft:bow":2,"minecraft:wheat_seeds":26,"minecraft:bell":1,"minecraft:stone_pickaxe":10,"minecraft:iron_ingot":85,"minecraft:stone_hoe":4,"minecraft:moss_block":128,"minecraft:flowering_azalea":3,"projectvibrantjourneys:acacia_hollow_log":1,"minecraft:jungle_planks":98,"minecraft:sand":46,"minecraft:cyan_bed":2,"minecraft:jungle_slab":253,"alexsmobs:animal_dictionary":5,"minecraft:leather_helmet":11,"minecraft:iron_hoe":10,"minecraft:stone_axe":5,"minecraft:iron_helmet":2,"minecraft:bread":7,"minecraft:terracotta":10,"projectvibrantjourneys:orange_bark_mushroom":5,"minecraft:coal":723,"minecraft:ender_pearl":30},"minecraft:crafted":{"minecraft:stone_shovel":1,"minecraft:furnace":1,"minecraft:bone_meal":3,"minecraft:stone_pickaxe":5,"minecraft:stone_hoe":1,"minecraft:wheat":18,"minecraft:crafting_table":1,"minecraft:bucket":1,"minecraft:stone_axe":3,"minecraft:bread":10,"minecraft:jungle_slab":120,"minecraft:air":0,"minecraft:jungle_planks":128,"minecraft:shield":1,"minecraft:stick":20,"minecraft:iron_ingot":8,"minecraft:acacia_planks":2,"minecraft:composter":1,"minecraft:torch":16},"minecraft:used":{"minecraft:moss_block":7,"minecraft:stone_shovel":135,"minecraft:shield":14,"minecraft:bell":1,"minecraft:stone_hoe":85,"minecraft:torch":15,"minecraft:dirt":90,"minecraft:jungle_planks":33,"minecraft:jungle_slab":98,"minecraft:iron_hoe":6,"projectvibrantjourneys:fallen_leaves":1,"minecraft:smooth_sandstone":13,"minecraft:jungle_log":4,"minecraft:furnace":1,"projectvibrantjourneys:cattail":1,"minecraft:beetroot_seeds":3,"minecraft:calcite":2,"minecraft:wheat_seeds":8,"minecraft:water_bucket":4,"minecraft:stone_pickaxe":345,"minecraft:sandstone":3,"minecraft:cut_sandstone":14,"minecraft:composter":1,"minecraft:leather_boots":1,"minecraft:green_bed":3,"minecraft:glow_berries":13,"minecraft:sand":7,"minecraft:lime_bed":7,"minecraft:crafting_table":6,"max_armory:diamond_machete":18,"minecraft:flower_pot":2,"minecraft:bread":14,"minecraft:cyan_bed":2,"alexsmobs:kangaroo_meat":2,"minecraft:leather_helmet":2,"minecraft:stone_axe":97,"minecraft:wooden_sword":16,"minecraft:cobblestone":119,"minecraft:bucket":5,"minecraft:sandstone_slab":2,"alexsmobs:animal_dictionary":3,"minecraft:bone_meal":3},"minecraft:killed":{"hordes:zombie_player":1,"minecraft:skeleton":4,"alexsmobs:kangaroo":1,"minecraft:husk":2,"alexsmobs:guster":2,"minecraft:iron_golem":1,"alexsmobs:emu":1,"alexsmobs:gazelle":1,"alexsmobs:roadrunner":2,"alexsmobs:komodo_dragon":3,"alexsmobs:jerboa":1},"minecraft:custom":{"minecraft:mob_kills":22,"minecraft:interact_with_crafting_table":23,"minecraft:bell_ring":10,"minecraft:damage_dealt_resisted":2318,"minecraft:leave_game":6,"minecraft:time_since_death":712,"minecraft:climb_one_cm":4872,"minecraft:sprint_one_cm":350970,"minecraft:walk_one_cm":440061,"minecraft:damage_blocked_by_shield":795,"minecraft:drop":25,"minecraft:talked_to_villager":4,"minecraft:play_time":170899,"minecraft:sneak_time":4940,"minecraft:deaths":30,"minecraft:walk_under_water_one_cm":9258,"minecraft:boat_one_cm":35101,"minecraft:jump":3901,"minecraft:walk_on_water_one_cm":18388,"minecraft:total_world_time":170899,"minecraft:interact_with_furnace":5,"minecraft:sleep_in_bed":8,"minecraft:time_since_rest":739,"minecraft:damage_taken":9663,"minecraft:damage_dealt":4126,"minecraft:swim_one_cm":37516,"minecraft:fly_one_cm":709055,"minecraft:open_chest":29,"minecraft:crouch_one_cm":16373,"minecraft:fall_one_cm":150711},"minecraft:mined":{"minecraft:cut_sandstone_slab":1,"minecraft:jungle_slab":7,"minecraft:potted_cactus":2,"projectvibrantjourneys:rocks":3,"minecraft:cave_vines_plant":1,"minecraft:grass_block":88,"minecraft:jungle_planks":13,"minecraft:jungle_log":36,"minecraft:moss_block":51,"minecraft:sandstone":29,"minecraft:hay_block":2,"minecraft:iron_ore":22,"minecraft:moss_carpet":4,"minecraft:cave_vines":2,"minecraft:vine":3,"minecraft:flowering_azalea_leaves":2,"minecraft:dirt_path":2,"minecraft:azalea_leaves":6,"projectvibrantjourneys:seashells":1,"minecraft:stone":62,"minecraft:green_bed":3,"projectvibrantjourneys:cattail":1,"minecraft:sandstone_slab":2,"minecraft:cut_sandstone":14,"minecraft:smoker":1,"minecraft:smooth_sandstone":26,"minecraft:clay":25,"minecraft:crafting_table":5,"minecraft:torch":2,"projectvibrantjourneys:small_cactus":1,"projectvibrantjourneys:twigs":3,"minecraft:dead_bush":2,"projectvibrantjourneys:mossy_rocks":2,"minecraft:copper_ore":2,"minecraft:cobblestone":15,"minecraft:cyan_bed":2,"minecraft:lapis_ore":1,"projectvibrantjourneys:fallen_leaves":2,"minecraft:sugar_cane":5,"minecraft:smooth_sandstone_slab":3,"projectvibrantjourneys:acacia_hollow_log":1,"minecraft:wall_torch":4,"minecraft:lime_bed":8,"minecraft:coarse_dirt":71,"minecraft:cobblestone_wall":1,"minecraft:wheat":6,"minecraft:grass":2,"minecraft:coal_ore":155,"projectvibrantjourneys:short_grass":16,"minecraft:beetroots":3,"minecraft:flower_pot":1,"minecraft:sand":17,"minecraft:dirt":13,"minecraft:cobweb":3,"minecraft:terracotta":2,"minecraft:stonecutter":1,"minecraft:small_dripleaf":1}},"DataVersion":3465}