{"stats":{"minecraft:dropped":{"farmersdelight:tomato_seeds":8,"minecraft:bread":236,"minecraft:moss_block":39,"minecraft:wheat_seeds":1,"minecraft:cobblestone":1,"minecraft:lantern":2,"minecraft:apple":22,"minecraft:coal":124,"minecraft:golden_apple":1,"minecraft:emerald":33,"minecraft:jungle_slab":5,"minecraft:gold_nugget":4,"minecraft:flowering_azalea":3,"minecraft:sand":2,"minecraft:iron_pickaxe":1,"minecraft:chainmail_leggings":1,"minecraft:string":2,"minecraft:smooth_sandstone":1,"minecraft:gravel":4,"minecraft:moss_carpet":4,"minecraft:emerald_block":1,"minecraft:spyglass":1,"minecraft:coarse_dirt":71,"minecraft:rotten_flesh":1,"psg:sulphur":13,"minecraft:carrot":33,"minecraft:potato":26,"minecraft:flower_pot":1,"minecraft:iron_chestplate":3,"max_armory:diamond_machete":1,"minecraft:chest":3,"minecraft:leather_boots":1,"minecraft:azalea":8,"minecraft:sandstone":31,"projectvibrantjourneys:cattail":4,"minecraft:wooden_pickaxe":1},"minecraft:killed_by":{"minecraft:zombie_villager":1,"minecraft:player":9,"minecraft:spider":1,"minecraft:enderman":1,"hordes:husk_player":2,"hordes:zombie_player":3,"mutantmonsters:mutant_skeleton":2,"minecraft:skeleton":6,"minecraft:zombie":2,"alexsmobs:tarantula_hawk":1,"alexsmobs:komodo_dragon":4},"minecraft:broken":{"minecraft:stone_hoe":1,"minecraft:stone_pickaxe":2,"minecraft:stone_axe":1,"minecraft:stone_shovel":1},"minecraft:picked_up":{"pointblank:mk23":1,"minecraft:iron_chestplate":8,"minecraft:coarse_dirt":71,"minecraft:crafting_table":7,"minecraft:wheat":67,"minecraft:sandstone_slab":3,"minecraft:clay_ball":576,"minecraft:flower_pot":4,"minecraft:wooden_pickaxe":1,"minecraft:brown_bed":1,"minecraft:enchanted_book":25,"max_armory:diamond_machete":9,"minecraft:shield":10,"minecraft:string":2,"minecraft:moss_carpet":12,"minecraft:raw_copper":30,"minecraft:compass":1,"minecraft:beetroot":28,"alexsmobs:emu_feather":1,"minecraft:gold_nugget":8,"minecraft:bucket":6,"minecraft:iron_nugget":14,"minecraft:iron_pickaxe":2,"minecraft:azalea":8,"minecraft:poppy":9,"minecraft:lectern":9,"minecraft:melon_slice":71,"minecraft:sugar_cane":30,"minecraft:chest":13,"minecraft:stick":27,"minecraft:raw_iron":50,"minecraft:sandstone":154,"minecraft:acacia_log":39,"projectvibrantjourneys:bark_mushroom":2,"minecraft:torch":50,"minecraft:bowl":4,"minecraft:green_bed":10,"pointblank:gunmetal_nugget":99,"psg:sulphur":26,"farmersdelight:tomato_seeds":16,"minecraft:carrot":88,"minecraft:smooth_sandstone_slab":18,"minecraft:orange_bed":2,"minecraft:arrow":69,"minecraft:cactus":14,"minecraft:stone_shovel":2,"minecraft:rotten_flesh":9,"minecraft:beetroot_seeds":66,"k_turrets:raw_titanium":7,"minecraft:hay_block":60,"projectvibrantjourneys:cattail":5,"minecraft:glow_berries":9,"minecraft:mutton":1,"alexsmobs:kangaroo_meat":2,"minecraft:cobblestone":406,"minecraft:cooked_beef":13,"minecraft:lime_bed":11,"farmersdelight:rice":6,"minecraft:feather":2,"minecraft:water_bucket":6,"minecraft:jungle_log":58,"projectvibrantjourneys:fallen_leaves":5,"minecraft:leather":6,"minecraft:cut_sandstone":14,"alexsmobs:acacia_blossom":3,"minecraft:smoker":3,"minecraft:red_mushroom":1,"minecraft:potato":112,"minecraft:flint":9,"minecraft:smooth_sandstone_stairs":1,"minecraft:oak_log":8,"minecraft:cobblestone_wall":2,"minecraft:lapis_lazuli":25,"minecraft:dirt":204,"minecraft:lantern":4,"minecraft:leather_boots":6,"minecraft:smooth_sandstone":65,"minecraft:bone":137,"minecraft:apple":44,"minecraft:stonecutter":6,"minecraft:bow":8,"minecraft:wheat_seeds":152,"minecraft:bell":4,"minecraft:iron_ingot":121,"minecraft:stone_pickaxe":16,"minecraft:acacia_sapling":6,"minecraft:fletching_table":4,"minecraft:moss_block":128,"minecraft:flowering_azalea":6,"minecraft:stone_hoe":10,"minecraft:book":3,"minecraft:emerald_block":2,"projectvibrantjourneys:acacia_hollow_log":1,"minecraft:gravel":5,"minecraft:jungle_planks":136,"minecraft:sand":58,"minecraft:cyan_bed":7,"minecraft:jungle_slab":254,"alexsmobs:animal_dictionary":5,"minecraft:leather_helmet":11,"minecraft:bundle":1,"minecraft:iron_hoe":10,"minecraft:polished_diorite":1,"minecraft:stone_axe":11,"minecraft:chainmail_leggings":2,"minecraft:iron_helmet":2,"minecraft:bone_meal":1,"minecraft:golden_apple":1,"minecraft:emerald":56,"minecraft:bread":182,"minecraft:terracotta":10,"projectvibrantjourneys:orange_bark_mushroom":6,"minecraft:oak_sapling":15,"minecraft:melon_seeds":20,"minecraft:coal":892,"minecraft:ender_pearl":30},"minecraft:crafted":{"minecraft:stone_shovel":1,"minecraft:furnace":1,"minecraft:bone_meal":3,"minecraft:stone_pickaxe":5,"minecraft:chest":3,"minecraft:stone_hoe":2,"minecraft:wheat":540,"minecraft:crafting_table":1,"minecraft:bucket":1,"minecraft:stone_axe":4,"minecraft:jungle_slab":120,"minecraft:bread":203,"minecraft:air":0,"minecraft:jungle_planks":128,"minecraft:shield":1,"minecraft:stick":20,"minecraft:iron_ingot":17,"minecraft:acacia_planks":2,"minecraft:composter":1,"minecraft:torch":64},"minecraft:used":{"minecraft:moss_block":7,"minecraft:moss_carpet":1,"minecraft:acacia_log":3,"minecraft:stone_shovel":135,"minecraft:chest":7,"minecraft:shield":21,"minecraft:bell":4,"minecraft:stone_hoe":223,"minecraft:iron_chestplate":1,"minecraft:orange_bed":2,"minecraft:torch":51,"minecraft:dirt":90,"minecraft:jungle_planks":39,"minecraft:cobblestone_wall":1,"minecraft:carrot":56,"minecraft:jungle_slab":99,"minecraft:acacia_sapling":6,"minecraft:polished_diorite":1,"minecraft:iron_hoe":6,"projectvibrantjourneys:fallen_leaves":2,"minecraft:flowering_azalea":3,"minecraft:smooth_sandstone":13,"minecraft:jungle_log":4,"minecraft:oak_sapling":5,"minecraft:furnace":1,"projectvibrantjourneys:cattail":1,"minecraft:beetroot_seeds":3,"minecraft:potato":99,"minecraft:cooked_beef":4,"minecraft:brown_bed":1,"minecraft:calcite":2,"minecraft:wheat_seeds":22,"minecraft:water_bucket":20,"minecraft:stone_pickaxe":432,"minecraft:sandstone":3,"minecraft:cut_sandstone":14,"minecraft:composter":1,"minecraft:sugar_cane":23,"minecraft:green_bed":8,"minecraft:fletching_table":4,"minecraft:leather_boots":4,"minecraft:glow_berries":13,"minecraft:sand":9,"minecraft:lime_bed":9,"minecraft:crafting_table":8,"max_armory:diamond_machete":18,"minecraft:flower_pot":2,"minecraft:melon_slice":2,"minecraft:bread":56,"minecraft:cyan_bed":7,"alexsmobs:kangaroo_meat":2,"minecraft:lectern":9,"minecraft:leather_helmet":2,"minecraft:gravel":1,"minecraft:stone_axe":193,"minecraft:wooden_sword":16,"minecraft:cobblestone":119,"minecraft:bucket":21,"minecraft:sandstone_slab":2,"alexsmobs:animal_dictionary":3,"minecraft:bone_meal":4},"minecraft:killed":{"hordes:zombie_player":1,"alexsmobs:rattlesnake":1,"minecraft:skeleton":5,"alexsmobs:kangaroo":1,"minecraft:husk":2,"alexsmobs:guster":2,"minecraft:iron_golem":1,"alexsmobs:emu":1,"alexsmobs:gazelle":1,"alexsmobs:roadrunner":2,"alexsmobs:komodo_dragon":3,"alexsmobs:jerboa":1},"minecraft:custom":{"minecraft:mob_kills":24,"minecraft:interact_with_crafting_table":30,"minecraft:open_barrel":10,"minecraft:bell_ring":15,"minecraft:damage_dealt_resisted":2408,"minecraft:leave_game":10,"minecraft:time_since_death":7110,"minecraft:climb_one_cm":9714,"minecraft:sprint_one_cm":732010,"minecraft:walk_one_cm":769935,"minecraft:damage_blocked_by_shield":1410,"minecraft:drop":63,"minecraft:talked_to_villager":16,"minecraft:play_time":278740,"minecraft:sneak_time":5519,"minecraft:deaths":43,"minecraft:walk_under_water_one_cm":21196,"minecraft:boat_one_cm":35101,"minecraft:interact_with_brewingstand":1,"minecraft:jump":6670,"minecraft:walk_on_water_one_cm":40146,"minecraft:total_world_time":278740,"minecraft:interact_with_furnace":9,"minecraft:sleep_in_bed":16,"minecraft:time_since_rest":326,"minecraft:damage_taken":14127,"minecraft:damage_dealt":4698,"minecraft:swim_one_cm":75127,"minecraft:fly_one_cm":1301323,"minecraft:open_chest":75,"minecraft:crouch_one_cm":18650,"minecraft:fall_one_cm":224399,"minecraft:horse_one_cm":424},"minecraft:mined":{"minecraft:cut_sandstone_slab":1,"minecraft:attached_melon_stem":2,"minecraft:jungle_slab":7,"minecraft:potted_cactus":2,"projectvibrantjourneys:rocks":6,"minecraft:cave_vines_plant":1,"minecraft:acacia_log":22,"minecraft:grass_block":89,"minecraft:jungle_planks":19,"minecraft:jungle_log":47,"minecraft:polished_diorite":1,"minecraft:sandstone":29,"minecraft:moss_block":52,"minecraft:hay_block":61,"minecraft:tall_seagrass":1,"minecraft:carrots":18,"minecraft:iron_ore":22,"minecraft:moss_carpet":5,"minecraft:fletching_table":4,"minecraft:brown_bed":1,"minecraft:bell":3,"minecraft:potatoes":15,"minecraft:flowering_azalea_leaves":5,"minecraft:dirt_path":2,"minecraft:cave_vines":2,"minecraft:vine":8,"minecraft:smooth_sandstone_stairs":1,"minecraft:azalea_leaves":9,"minecraft:azalea":4,"projectvibrantjourneys:seashells":1,"minecraft:stone":72,"minecraft:orange_bed":2,"minecraft:green_bed":8,"projectvibrantjourneys:cattail":5,"minecraft:sandstone_slab":3,"minecraft:cut_sandstone":14,"minecraft:acacia_leaves":6,"minecraft:flowering_azalea":1,"minecraft:melon_stem":11,"minecraft:smoker":1,"minecraft:clay":25,"minecraft:smooth_sandstone":28,"minecraft:crafting_table":7,"minecraft:torch":3,"projectvibrantjourneys:small_cactus":1,"projectvibrantjourneys:twigs":3,"minecraft:poppy":1,"minecraft:melon":15,"minecraft:chest":7,"minecraft:dead_bush":5,"minecraft:lectern":9,"projectvibrantjourneys:mossy_rocks":2,"minecraft:copper_ore":2,"minecraft:tall_grass":4,"minecraft:cobblestone":15,"minecraft:lapis_ore":1,"minecraft:cyan_bed":8,"projectvibrantjourneys:fallen_leaves":3,"minecraft:sugar_cane":17,"projectvibrantjourneys:acacia_hollow_log":1,"minecraft:smooth_sandstone_slab":3,"minecraft:wall_torch":5,"minecraft:cactus":2,"minecraft:lime_bed":9,"minecraft:coarse_dirt":71,"minecraft:cobblestone_wall":3,"minecraft:wheat":35,"k_turrets:titanium_ore":7,"minecraft:grass":15,"minecraft:oak_log":4,"minecraft:coal_ore":212,"projectvibrantjourneys:short_grass":20,"minecraft:beetroots":24,"minecraft:gravel":2,"minecraft:dirt":13,"minecraft:sand":21,"minecraft:flower_pot":1,"minecraft:cobweb":3,"minecraft:terracotta":2,"minecraft:stonecutter":1,"minecraft:small_dripleaf":1,"minecraft:oak_leaves":2,"minecraft:fern":6}},"DataVersion":3465}