{"stats":{"minecraft:dropped":{"minecraft:iron_sword":2,"minecraft:cooked_porkchop":1,"walkietalkie:netherite_walkietalkie":1,"minecraft:wooden_pickaxe":1},"minecraft:mined":{"projectvibrantjourneys:cattail":1,"walkietalkie:speaker":1,"projectvibrantjourneys:rocks":3,"minecraft:crafting_table":1,"psg:sulphur_ore":3,"projectvibrantjourneys:twigs":3,"minecraft:tall_grass":1,"minecraft:sugar_cane":2,"minecraft:iron_ore":15,"minecraft:spruce_log":13,"minecraft:andesite":3,"projectvibrantjourneys:bark_mushroom":1,"minecraft:coal_ore":17,"minecraft:oak_log":6,"projectvibrantjourneys:short_grass":3,"minecraft:stone":23},"minecraft:killed_by":{"minecraft:player":4,"minecraft:skeleton":1,"minecraft:creeper":1,"minecraft:spider":1,"alexsmobs:grizzly_bear":3},"minecraft:killed":{"minecraft:pig":6,"minecraft:witch":1,"minecraft:creeper":1,"minecraft:skeleton":1,"alexsmobs:blue_jay":2,"minecraft:zombie":2},"minecraft:custom":{"minecraft:interact_with_furnace":2,"minecraft:mob_kills":14,"minecraft:interact_with_crafting_table":7,"minecraft:leave_game":5,"minecraft:time_since_death":267,"minecraft:time_since_rest":305,"minecraft:sprint_one_cm":66720,"minecraft:damage_taken":3568,"minecraft:walk_one_cm":89675,"minecraft:damage_blocked_by_shield":334,"minecraft:drop":5,"minecraft:damage_dealt":2630,"minecraft:talked_to_villager":6,"minecraft:swim_one_cm":3355,"minecraft:fly_one_cm":173111,"minecraft:player_kills":1,"minecraft:open_chest":2,"minecraft:crouch_one_cm":693,"minecraft:play_time":51848,"minecraft:deaths":11,"minecraft:sneak_time":294,"minecraft:walk_under_water_one_cm":1368,"minecraft:jump":1038,"minecraft:walk_on_water_one_cm":3981,"minecraft:interact_with_smoker":3,"minecraft:total_world_time":51848,"minecraft:fall_one_cm":38415},"minecraft:picked_up":{"minecraft:crafting_table":2,"minecraft:andesite":3,"minecraft:oak_log":6,"minecraft:shield":2,"minecraft:gunpowder":1,"walkietalkie:netherite_walkietalkie":4,"minecraft:string":1,"walkietalkie:speaker":1,"minecraft:bone":2,"minecraft:spruce_planks":24,"minecraft:sugar_cane":4,"minecraft:iron_sword":2,"walkietalkie:wooden_walkietalkie":1,"minecraft:raw_iron":14,"minecraft:stick":6,"projectvibrantjourneys:bark_mushroom":1,"pointblank:gunmetal_nugget":15,"minecraft:porkchop":14,"psg:sulphur":13,"minecraft:spruce_sapling":4,"pointblank:ballista":2,"minecraft:spruce_log":13,"minecraft:spider_eye":2,"minecraft:rotten_flesh":7,"tacz:modern_kinetic_gun":1,"minecraft:coal":17,"minecraft:cobblestone":23},"minecraft:used":{"minecraft:stone_pickaxe":59,"minecraft:wooden_pickaxe":5,"minecraft:shield":5,"minecraft:iron_sword":27,"minecraft:crafting_table":2,"minecraft:smoker":1,"minecraft:bread":3,"minecraft:stone_axe":17,"walkietalkie:speaker":1,"minecraft:sweet_berries":10,"minecraft:cooked_porkchop":9},"minecraft:crafted":{"minecraft:oak_planks":24,"minecraft:cooked_porkchop":10,"minecraft:crafting_table":2,"minecraft:spruce_planks":36,"minecraft:wooden_pickaxe":1,"minecraft:iron_sword":1,"minecraft:furnace":1,"minecraft:stone_axe":1,"minecraft:air":0,"minecraft:shield":1,"minecraft:stick":8,"minecraft:iron_ingot":3,"minecraft:stone_pickaxe":1,"minecraft:smoker":1}},"DataVersion":3465}