{"stats":{"minecraft:killed":{"minecraft:zombie":1},"minecraft:custom":{"minecraft:time_since_rest":376,"minecraft:sprint_one_cm":85821,"minecraft:damage_taken":614,"minecraft:walk_one_cm":59213,"minecraft:mob_kills":1,"minecraft:drop":4,"minecraft:damage_dealt":177,"minecraft:interact_with_crafting_table":3,"minecraft:fly_one_cm":75215,"minecraft:crouch_one_cm":5785,"minecraft:play_time":21335,"minecraft:deaths":2,"minecraft:sneak_time":1360,"minecraft:jump":483,"minecraft:leave_game":4,"minecraft:time_since_death":351,"minecraft:total_world_time":21335,"minecraft:fall_one_cm":11911},"minecraft:dropped":{"minecraft:brown_mushroom":1,"minecraft:cherry_planks":11,"minecraft:blue_orchid":1,"minecraft:wooden_pickaxe":1},"minecraft:crafted":{"minecraft:cherry_planks":32,"minecraft:crafting_table":1,"minecraft:stick":8,"minecraft:wooden_pickaxe":1,"minecraft:stone_pickaxe":1,"minecraft:cherry_button":1,"minecraft:birch_planks":2,"minecraft:torch":4},"minecraft:killed_by":{"minecraft:player":1,"minecraft:zombie":1},"minecraft:mined":{"minecraft:cherry_planks":2,"minecraft:cherry_log":8,"minecraft:andesite":2,"minecraft:cornflower":1,"minecraft:crafting_table":1,"minecraft:torch":1,"minecraft:grass":1,"projectvibrantjourneys:birch_hollow_log":1,"minecraft:coal_ore":4,"projectvibrantjourneys:pinecones":1,"minecraft:cobblestone":8,"minecraft:blue_orchid":1,"minecraft:stone":46,"minecraft:wall_torch":1,"minecraft:fern":2},"minecraft:picked_up":{"minecraft:wooden_axe":1,"minecraft:crafting_table":1,"minecraft:cherry_planks":2,"minecraft:andesite":1,"minecraft:brown_mushroom":1,"minecraft:torch":2,"projectvibrantjourneys:birch_hollow_log":1,"minecraft:cherry_log":8,"minecraft:blue_orchid":1,"minecraft:coal":4,"minecraft:cobblestone":49},"minecraft:used":{"minecraft:wooden_axe":10,"minecraft:bread":5,"minecraft:stone_pickaxe":58,"minecraft:wooden_pickaxe":3,"minecraft:cherry_planks":11,"minecraft:cherry_button":1,"minecraft:torch":4,"minecraft:wooden_sword":5,"minecraft:cobblestone":19,"minecraft:crafting_table":1,"minecraft:andesite":1,"alexsmobs:animal_dictionary":1}},"DataVersion":3465}