{"stats":{"minecraft:custom":{"minecraft:time_since_rest":8960,"minecraft:sprint_one_cm":29245,"minecraft:damage_taken":80,"minecraft:walk_one_cm":18551,"minecraft:drop":2,"minecraft:fly_one_cm":23935,"minecraft:interact_with_crafting_table":3,"minecraft:crouch_one_cm":1676,"minecraft:play_time":8960,"minecraft:sneak_time":415,"minecraft:jump":147,"minecraft:leave_game":1,"minecraft:time_since_death":8960,"minecraft:total_world_time":8960,"minecraft:fall_one_cm":4778},"minecraft:dropped":{"minecraft:blue_orchid":1,"minecraft:wooden_pickaxe":1},"minecraft:crafted":{"minecraft:cherry_planks":32,"minecraft:crafting_table":1,"minecraft:stick":8,"minecraft:wooden_pickaxe":1,"minecraft:stone_pickaxe":1,"minecraft:cherry_button":1,"minecraft:torch":4},"minecraft:mined":{"minecraft:cherry_planks":2,"minecraft:cherry_log":8,"minecraft:andesite":1,"minecraft:crafting_table":1,"minecraft:cornflower":1,"minecraft:grass":1,"minecraft:coal_ore":4,"projectvibrantjourneys:pinecones":1,"minecraft:cobblestone":7,"minecraft:blue_orchid":1,"minecraft:stone":16,"minecraft:wall_torch":1,"minecraft:fern":2},"minecraft:picked_up":{"minecraft:wooden_axe":1,"minecraft:crafting_table":1,"minecraft:cherry_planks":2,"minecraft:torch":1,"minecraft:cherry_log":8,"minecraft:blue_orchid":1,"minecraft:coal":4,"minecraft:cobblestone":21},"minecraft:used":{"minecraft:wooden_axe":10,"minecraft:bread":2,"minecraft:stone_pickaxe":26,"minecraft:wooden_pickaxe":3,"minecraft:cherry_planks":11,"minecraft:cherry_button":1,"minecraft:torch":2,"minecraft:cobblestone":15,"minecraft:crafting_table":1,"alexsmobs:animal_dictionary":1}},"DataVersion":3465}