{"stats":{"minecraft:killed":{"minecraft:skeleton":1,"alexsmobs:blue_jay":19,"minecraft:zombie":40,"minecraft:pig":1,"alexsmobs:cachalot_whale":1,"alexsmobs:comb_jelly":2,"alexsmobs:fly":1,"minecraft:drowned":13,"alexsmobs:shoebill":2,"alexsmobs:mantis_shrimp":2,"minecraft:creeper":2,"minecraft:squid":1,"minecraft:phantom":12},"minecraft:custom":{"minecraft:time_since_rest":31748,"minecraft:walk_one_cm":56555,"minecraft:sprint_one_cm":27044,"minecraft:damage_taken":510,"minecraft:damage_absorbed":1072,"minecraft:mob_kills":97,"minecraft:damage_dealt":15,"minecraft:swim_one_cm":2861,"minecraft:fly_one_cm":223383,"minecraft:crouch_one_cm":3984,"minecraft:play_time":31748,"minecraft:sneak_time":1657,"minecraft:walk_under_water_one_cm":5414,"minecraft:damage_dealt_resisted":459,"minecraft:jump":395,"minecraft:leave_game":2,"minecraft:time_since_death":31748,"minecraft:walk_on_water_one_cm":10091,"minecraft:total_world_time":31748,"minecraft:damage_resisted":396,"minecraft:fall_one_cm":12449},"minecraft:picked_up":{"minecraft:feather":5,"pointblank:gunmetal_nugget":21,"minecraft:gunpowder":1,"minecraft:string":1,"minecraft:bone":3,"minecraft:rotten_flesh":15,"minecraft:slime_ball":1,"alexsmobs:maggot":2,"minecraft:phantom_membrane":1},"minecraft:used":{"alexsmobs:spawn_egg_mantis_shrimp":2,"alexsmobs:spawn_egg_blue_jay":27,"create:empty_blaze_burner":1,"alexsmobs:spawn_egg_comb_jelly":2,"minecraft:zombie_spawn_egg":127,"ecologics:coconut_planks":61,"alexsmobs:spawn_egg_shoebill":1,"minecraft:enchanted_golden_apple":15}},"DataVersion":3465}