{"stats":{"minecraft:dropped":{"minecraft:wheat_seeds":1,"minecraft:cobblestone":53,"minecraft:feather":6,"philipsruins:sand_stone_brick":1,"minecraft:cut_sandstone_slab":2,"projectvibrantjourneys:orange_bark_mushroom":5,"minecraft:flowering_azalea":3,"minecraft:lily_pad":3,"minecraft:stone_axe":1,"minecraft:moss_carpet":3,"minecraft:rotten_flesh":2,"minecraft:poppy":4,"max_armory:diamond_machete":1,"minecraft:azalea":7,"minecraft:sandstone":1,"minecraft:wooden_pickaxe":1},"minecraft:killed_by":{"minecraft:player":7,"alexsmobs:komodo_dragon":2},"minecraft:broken":{"minecraft:stone_pickaxe":2,"minecraft:iron_pickaxe":1},"minecraft:picked_up":{"minecraft:crafting_table":6,"minecraft:iron_chestplate":12,"minecraft:coarse_dirt":1,"minecraft:wheat":8,"minecraft:sandstone_slab":2,"minecraft:clay_ball":12,"minecraft:flower_pot":1,"minecraft:enchanted_book":3,"max_armory:diamond_machete":11,"minecraft:shield":11,"minecraft:amethyst_block":5,"alexsmobs:gazelle_horn":6,"minecraft:string":2,"minecraft:moss_carpet":3,"minecraft:raw_copper":43,"minecraft:wooden_sword":1,"alexsmobs:emu_feather":1,"minecraft:gold_nugget":2,"minecraft:cobbled_deepslate":1,"minecraft:calcite":5,"minecraft:azalea":9,"minecraft:poppy":4,"minecraft:iron_pickaxe":3,"minecraft:sugar_cane":25,"minecraft:stick":17,"minecraft:sandstone":33,"minecraft:torch":161,"minecraft:green_bed":1,"pointblank:gunmetal_nugget":28,"psg:sulphur":26,"minecraft:arrow":2,"minecraft:rotten_flesh":2,"k_turrets:raw_titanium":69,"minecraft:hay_block":9,"minecraft:white_terracotta":7,"minecraft:glow_berries":7,"minecraft:mutton":1,"minecraft:cobblestone":2000,"minecraft:lime_bed":4,"minecraft:feather":12,"minecraft:andesite":54,"minecraft:jungle_log":101,"minecraft:flint":3,"minecraft:lily_pad":3,"minecraft:cobblestone_wall":2,"minecraft:gunpowder":2,"minecraft:lapis_lazuli":5,"minecraft:dirt":16,"minecraft:cut_sandstone_slab":2,"minecraft:leather_boots":11,"farmersdelight:organic_compost":1,"minecraft:smooth_sandstone":8,"minecraft:bone":25,"minecraft:acacia_planks":2,"minecraft:wheat_seeds":8,"minecraft:stone_pickaxe":1,"minecraft:iron_ingot":49,"minecraft:moss_block":40,"minecraft:flowering_azalea":3,"minecraft:smooth_basalt":3,"psg:raw_potassium":124,"minecraft:jungle_planks":133,"minecraft:sand":39,"minecraft:amethyst_shard":12,"minecraft:cyan_bed":1,"alexsmobs:animal_dictionary":3,"minecraft:leather_helmet":1,"minecraft:iron_hoe":12,"minecraft:slime_ball":2,"minecraft:diamond":6,"minecraft:stone_axe":12,"minecraft:chainmail_leggings":10,"minecraft:iron_helmet":11,"philipsruins:sand_stone_brick":1,"minecraft:bread":108,"projectvibrantjourneys:orange_bark_mushroom":10,"minecraft:coal":762,"minecraft:ender_pearl":1},"minecraft:crafted":{"max_armory:diamond_machete":2,"minecraft:furnace":1,"minecraft:stone":3,"minecraft:bone_meal":6,"minecraft:stone_pickaxe":3,"minecraft:chest":2,"minecraft:wheat":81,"max_armory:handle":2,"minecraft:crafting_table":3,"minecraft:jungle_boat":1,"minecraft:wooden_pickaxe":1,"minecraft:stone_axe":1,"minecraft:jungle_planks":228,"minecraft:jungle_slab":42,"minecraft:bread":28,"minecraft:air":0,"minecraft:stick":36,"minecraft:iron_pickaxe":3,"minecraft:wooden_axe":1,"minecraft:stonecutter":1,"minecraft:torch":88},"minecraft:used":{"minecraft:moss_block":1,"minecraft:chest":2,"minecraft:shield":32,"minecraft:white_terracotta":7,"minecraft:torch":81,"minecraft:dirt":16,"minecraft:jungle_planks":24,"minecraft:cobblestone_wall":1,"minecraft:jungle_slab":42,"minecraft:wooden_axe":10,"minecraft:smooth_sandstone":8,"minecraft:smooth_basalt":3,"minecraft:furnace":1,"minecraft:cobbled_deepslate":1,"minecraft:wheat_seeds":7,"minecraft:stone_pickaxe":343,"minecraft:wooden_pickaxe":22,"minecraft:sandstone":23,"minecraft:stonecutter":1,"minecraft:sugar_cane":7,"minecraft:green_bed":1,"minecraft:jungle_boat":1,"minecraft:sand":28,"minecraft:lime_bed":4,"minecraft:crafting_table":6,"max_armory:diamond_machete":111,"minecraft:flower_pot":1,"minecraft:bread":32,"minecraft:cyan_bed":1,"minecraft:iron_pickaxe":379,"minecraft:stone_axe":70,"minecraft:wooden_sword":3,"minecraft:cobblestone":42,"minecraft:sandstone_slab":1,"alexsmobs:animal_dictionary":4,"minecraft:coarse_dirt":1,"minecraft:bone_meal":6},"minecraft:killed":{"minecraft:spider":1,"alexsmobs:rattlesnake":1,"minecraft:skeleton":1,"alexsmobs:guster":2,"minecraft:husk":1,"minecraft:iron_golem":4,"hordes:drowned_player":1,"minecraft:zombie":1,"alexsmobs:gazelle":2,"alexsmobs:roadrunner":2,"alexsmobs:komodo_dragon":1},"minecraft:custom":{"minecraft:mob_kills":17,"minecraft:interact_with_crafting_table":30,"minecraft:bell_ring":55,"minecraft:damage_dealt_resisted":5400,"minecraft:leave_game":4,"minecraft:time_since_death":11564,"minecraft:climb_one_cm":3829,"minecraft:sprint_one_cm":441288,"minecraft:walk_one_cm":362615,"minecraft:damage_blocked_by_shield":1718,"minecraft:drop":31,"minecraft:talked_to_villager":6,"minecraft:play_time":176905,"minecraft:sneak_time":13751,"minecraft:deaths":10,"minecraft:walk_under_water_one_cm":8620,"minecraft:boat_one_cm":30508,"minecraft:jump":3335,"minecraft:walk_on_water_one_cm":11201,"minecraft:total_world_time":176905,"minecraft:interact_with_furnace":7,"minecraft:interact_with_cartography_table":1,"minecraft:interact_with_stonecutter":2,"minecraft:sleep_in_bed":7,"minecraft:time_since_rest":11590,"minecraft:damage_taken":3738,"minecraft:damage_dealt":6472,"minecraft:swim_one_cm":14623,"minecraft:fly_one_cm":534279,"minecraft:open_chest":39,"minecraft:crouch_one_cm":29916,"minecraft:interact_with_smoker":1,"minecraft:fall_one_cm":77181},"minecraft:mined":{"minecraft:large_amethyst_bud":2,"minecraft:cut_sandstone_slab":1,"psg:sulphur_ore":6,"minecraft:budding_amethyst":1,"minecraft:jungle_planks":4,"minecraft:jungle_log":57,"minecraft:moss_block":1,"minecraft:sandstone":31,"minecraft:hay_block":9,"projectvibrantjourneys:orange_bark_mushroom":1,"minecraft:andesite":6,"minecraft:flowering_azalea_leaves":1,"minecraft:vine":2,"minecraft:small_amethyst_bud":2,"minecraft:azalea_leaves":1,"minecraft:stone":510,"philipsruins:sand_stone_brick":1,"minecraft:green_bed":1,"minecraft:sandstone_slab":1,"farmersdelight:organic_compost":1,"minecraft:medium_amethyst_bud":2,"psg:potassium_ore":14,"minecraft:amethyst_cluster":3,"minecraft:smooth_sandstone":7,"minecraft:crafting_table":4,"projectvibrantjourneys:twigs":3,"minecraft:calcite":5,"minecraft:poppy":1,"minecraft:copper_ore":10,"minecraft:cobblestone":5,"minecraft:cyan_bed":1,"minecraft:sugar_cane":11,"minecraft:wall_torch":1,"minecraft:amethyst_block":5,"minecraft:white_terracotta":7,"minecraft:lime_bed":4,"minecraft:coarse_dirt":1,"minecraft:wheat":3,"k_turrets:titanium_ore":13,"minecraft:grass":2,"minecraft:coal_ore":106,"projectvibrantjourneys:short_grass":2,"minecraft:sand":2,"minecraft:dirt":13,"minecraft:smooth_basalt":3,"minecraft:small_dripleaf":2,"minecraft:deepslate":1}},"DataVersion":3465}