{"stats":{"minecraft:picked_up":{"minecraft:lime_bed":4,"minecraft:iron_chestplate":2,"minecraft:crafting_table":4,"minecraft:coarse_dirt":1,"minecraft:wheat":2,"minecraft:sandstone_slab":1,"minecraft:feather":4,"minecraft:jungle_log":25,"minecraft:enchanted_book":3,"minecraft:flint":3,"max_armory:diamond_machete":1,"minecraft:lily_pad":3,"minecraft:shield":1,"minecraft:gunpowder":2,"minecraft:amethyst_block":5,"minecraft:lapis_lazuli":5,"alexsmobs:gazelle_horn":2,"minecraft:string":2,"minecraft:dirt":16,"minecraft:cut_sandstone_slab":2,"minecraft:wooden_sword":1,"minecraft:raw_copper":24,"minecraft:smooth_sandstone":7,"farmersdelight:organic_compost":1,"minecraft:leather_boots":1,"minecraft:bone":25,"minecraft:acacia_planks":2,"alexsmobs:emu_feather":1,"minecraft:wheat_seeds":1,"minecraft:gold_nugget":2,"minecraft:iron_ingot":10,"minecraft:stone_pickaxe":1,"minecraft:calcite":5,"minecraft:azalea":2,"minecraft:poppy":1,"minecraft:sugar_cane":24,"minecraft:flowering_azalea":2,"minecraft:smooth_basalt":3,"minecraft:stick":7,"minecraft:sandstone":23,"minecraft:torch":3,"minecraft:green_bed":1,"pointblank:gunmetal_nugget":7,"minecraft:sand":22,"minecraft:jungle_planks":5,"minecraft:amethyst_shard":12,"minecraft:cyan_bed":1,"minecraft:leather_helmet":1,"alexsmobs:animal_dictionary":1,"minecraft:iron_hoe":1,"minecraft:arrow":2,"minecraft:rotten_flesh":2,"minecraft:stone_axe":2,"minecraft:hay_block":9,"minecraft:iron_helmet":1,"philipsruins:sand_stone_brick":1,"minecraft:white_terracotta":7,"projectvibrantjourneys:orange_bark_mushroom":1,"minecraft:glow_berries":7,"minecraft:mutton":1,"minecraft:coal":130,"minecraft:cobblestone":105,"minecraft:ender_pearl":1},"minecraft:killed":{"minecraft:husk":1,"alexsmobs:rattlesnake":1,"hordes:drowned_player":1,"minecraft:skeleton":1,"alexsmobs:gazelle":2,"alexsmobs:roadrunner":2},"minecraft:broken":{"minecraft:stone_pickaxe":1},"minecraft:crafted":{"max_armory:diamond_machete":2,"max_armory:handle":2,"minecraft:crafting_table":3,"minecraft:jungle_boat":1,"minecraft:wooden_pickaxe":1,"minecraft:stone_axe":1,"minecraft:bread":27,"minecraft:jungle_planks":100,"minecraft:stick":16,"minecraft:stone_pickaxe":2,"minecraft:wooden_axe":1,"minecraft:chest":2,"minecraft:torch":24,"minecraft:wheat":81},"minecraft:dropped":{"minecraft:stone_axe":1,"minecraft:wheat_seeds":1,"minecraft:rotten_flesh":2,"minecraft:feather":2,"minecraft:cobblestone":4,"philipsruins:sand_stone_brick":1,"projectvibrantjourneys:orange_bark_mushroom":1,"minecraft:cut_sandstone_slab":2,"minecraft:poppy":1,"max_armory:diamond_machete":1,"minecraft:azalea":2,"minecraft:sandstone":1,"minecraft:flowering_azalea":2,"minecraft:lily_pad":3},"minecraft:used":{"minecraft:stone_pickaxe":211,"minecraft:sugar_cane":6,"minecraft:chest":2,"minecraft:wooden_pickaxe":9,"minecraft:shield":14,"minecraft:white_terracotta":7,"minecraft:sandstone":23,"minecraft:jungle_boat":1,"minecraft:torch":23,"minecraft:dirt":16,"minecraft:sand":23,"minecraft:crafting_table":6,"minecraft:jungle_planks":12,"max_armory:diamond_machete":10,"minecraft:wooden_axe":10,"minecraft:bread":11,"minecraft:smooth_sandstone":7,"minecraft:smooth_basalt":3,"minecraft:stone_axe":24,"minecraft:wooden_sword":3,"minecraft:cobblestone":15,"alexsmobs:animal_dictionary":4,"minecraft:coarse_dirt":1},"minecraft:custom":{"minecraft:interact_with_furnace":1,"minecraft:mob_kills":8,"minecraft:interact_with_cartography_table":1,"minecraft:interact_with_crafting_table":14,"minecraft:bell_ring":37,"minecraft:sleep_in_bed":1,"minecraft:time_since_death":76018,"minecraft:climb_one_cm":746,"minecraft:time_since_rest":11328,"minecraft:sprint_one_cm":131015,"minecraft:damage_taken":217,"minecraft:walk_one_cm":166730,"minecraft:damage_blocked_by_shield":769,"minecraft:drop":17,"minecraft:damage_dealt":1476,"minecraft:talked_to_villager":3,"minecraft:swim_one_cm":14068,"minecraft:fly_one_cm":199834,"minecraft:open_chest":12,"minecraft:crouch_one_cm":14313,"minecraft:play_time":76018,"minecraft:sneak_time":9495,"minecraft:walk_under_water_one_cm":8581,"minecraft:boat_one_cm":30508,"minecraft:jump":1335,"minecraft:interact_with_smoker":1,"minecraft:walk_on_water_one_cm":10245,"minecraft:total_world_time":76018,"minecraft:fall_one_cm":33467},"minecraft:mined":{"minecraft:large_amethyst_bud":2,"minecraft:sandstone_slab":1,"minecraft:cut_sandstone_slab":1,"farmersdelight:organic_compost":1,"minecraft:medium_amethyst_bud":2,"minecraft:amethyst_cluster":3,"minecraft:smooth_sandstone":7,"minecraft:budding_amethyst":1,"minecraft:crafting_table":4,"projectvibrantjourneys:twigs":3,"minecraft:calcite":5,"minecraft:poppy":1,"minecraft:jungle_planks":2,"minecraft:jungle_log":25,"minecraft:copper_ore":5,"minecraft:cobblestone":2,"minecraft:cyan_bed":1,"minecraft:sugar_cane":11,"minecraft:sandstone":21,"minecraft:amethyst_block":5,"minecraft:hay_block":9,"minecraft:white_terracotta":7,"minecraft:lime_bed":4,"minecraft:coarse_dirt":1,"minecraft:small_amethyst_bud":2,"minecraft:grass":2,"minecraft:coal_ore":62,"projectvibrantjourneys:short_grass":1,"minecraft:flowering_azalea_leaves":1,"minecraft:sand":1,"minecraft:dirt":13,"minecraft:smooth_basalt":3,"minecraft:stone":89,"minecraft:small_dripleaf":2,"philipsruins:sand_stone_brick":1,"minecraft:green_bed":1}},"DataVersion":3465}