{"stats":{"minecraft:dropped":{"minecraft:wheat_seeds":1,"minecraft:cobblestone":53,"minecraft:feather":6,"philipsruins:sand_stone_brick":1,"minecraft:cut_sandstone_slab":2,"projectvibrantjourneys:orange_bark_mushroom":5,"minecraft:flowering_azalea":3,"minecraft:lily_pad":3,"minecraft:stone_axe":1,"minecraft:moss_carpet":3,"minecraft:rotten_flesh":2,"minecraft:poppy":4,"max_armory:diamond_machete":1,"minecraft:azalea":7,"minecraft:sandstone":1,"minecraft:wooden_pickaxe":1},"minecraft:killed_by":{"minecraft:player":7,"mutantmonsters:mutant_skeleton":1,"minecraft:skeleton":1,"alexsmobs:komodo_dragon":2},"minecraft:broken":{"minecraft:stone_pickaxe":2,"minecraft:leather_boots":1,"minecraft:iron_pickaxe":1},"minecraft:picked_up":{"minecraft:crafting_table":6,"minecraft:iron_chestplate":14,"minecraft:coarse_dirt":1,"minecraft:wheat":8,"minecraft:sandstone_slab":2,"minecraft:clay_ball":14,"minecraft:flower_pot":1,"minecraft:enchanted_book":3,"max_armory:diamond_machete":13,"minecraft:shield":11,"minecraft:amethyst_block":5,"alexsmobs:gazelle_horn":6,"minecraft:string":8,"minecraft:moss_carpet":3,"minecraft:raw_copper":81,"minecraft:wooden_sword":1,"alexsmobs:emu_feather":1,"minecraft:gold_nugget":2,"minecraft:cobbled_deepslate":11,"minecraft:calcite":5,"minecraft:azalea":9,"minecraft:poppy":4,"minecraft:iron_pickaxe":5,"minecraft:sugar_cane":25,"minecraft:raw_iron":6,"minecraft:stick":17,"minecraft:sandstone":33,"minecraft:torch":190,"minecraft:green_bed":1,"pointblank:gunmetal_nugget":34,"psg:sulphur":78,"minecraft:arrow":8,"minecraft:rotten_flesh":4,"k_turrets:raw_titanium":95,"minecraft:hay_block":9,"minecraft:white_terracotta":7,"minecraft:glow_berries":7,"minecraft:mutton":1,"minecraft:cobblestone":2475,"minecraft:lime_bed":4,"minecraft:feather":16,"minecraft:andesite":66,"minecraft:jungle_log":101,"minecraft:flint":3,"minecraft:lily_pad":3,"minecraft:cobblestone_wall":2,"minecraft:gunpowder":2,"minecraft:lapis_lazuli":5,"minecraft:dirt":16,"minecraft:cut_sandstone_slab":2,"minecraft:leather_boots":11,"farmersdelight:organic_compost":1,"minecraft:smooth_sandstone":8,"minecraft:bone":26,"minecraft:acacia_planks":2,"minecraft:wheat_seeds":8,"minecraft:raw_gold":1,"minecraft:grindstone":1,"minecraft:stone_pickaxe":1,"minecraft:iron_ingot":49,"minecraft:moss_block":40,"minecraft:flowering_azalea":3,"minecraft:smooth_basalt":3,"psg:raw_potassium":180,"minecraft:jungle_planks":201,"minecraft:sand":49,"minecraft:amethyst_shard":12,"minecraft:cyan_bed":1,"minecraft:spider_eye":3,"alexsmobs:animal_dictionary":3,"minecraft:leather_helmet":1,"minecraft:iron_hoe":12,"minecraft:slime_ball":2,"minecraft:diamond":14,"minecraft:stone_axe":14,"minecraft:chainmail_leggings":12,"minecraft:iron_helmet":11,"philipsruins:sand_stone_brick":1,"minecraft:bread":117,"projectvibrantjourneys:orange_bark_mushroom":10,"minecraft:damaged_anvil":1,"minecraft:coal":862,"minecraft:ender_pearl":1},"minecraft:crafted":{"max_armory:diamond_machete":2,"minecraft:furnace":1,"minecraft:stone":3,"minecraft:bone_meal":6,"minecraft:stone_pickaxe":3,"minecraft:chest":2,"minecraft:wheat":81,"max_armory:handle":2,"minecraft:crafting_table":3,"minecraft:jungle_boat":1,"minecraft:wooden_pickaxe":1,"minecraft:stone_axe":1,"minecraft:jungle_planks":228,"minecraft:jungle_slab":42,"minecraft:bread":28,"minecraft:air":0,"minecraft:stick":44,"minecraft:iron_pickaxe":3,"minecraft:wooden_axe":1,"minecraft:stonecutter":1,"minecraft:torch":120},"minecraft:used":{"minecraft:moss_block":1,"minecraft:chest":2,"minecraft:shield":37,"minecraft:white_terracotta":7,"minecraft:torch":115,"minecraft:dirt":16,"minecraft:jungle_planks":24,"minecraft:cobblestone_wall":1,"minecraft:jungle_slab":42,"minecraft:wooden_axe":10,"minecraft:smooth_sandstone":8,"minecraft:smooth_basalt":3,"minecraft:furnace":1,"minecraft:cobbled_deepslate":1,"minecraft:wheat_seeds":7,"minecraft:stone_pickaxe":343,"minecraft:wooden_pickaxe":22,"minecraft:sandstone":23,"minecraft:stonecutter":1,"minecraft:sugar_cane":7,"minecraft:green_bed":1,"minecraft:jungle_boat":1,"minecraft:sand":28,"minecraft:lime_bed":4,"minecraft:crafting_table":6,"max_armory:diamond_machete":126,"minecraft:flower_pot":1,"minecraft:bread":33,"minecraft:cyan_bed":1,"minecraft:iron_pickaxe":395,"minecraft:stone_axe":70,"minecraft:wooden_sword":3,"minecraft:cobblestone":88,"minecraft:sandstone_slab":1,"alexsmobs:animal_dictionary":4,"minecraft:coarse_dirt":1,"minecraft:bone_meal":6},"minecraft:killed":{"minecraft:spider":3,"alexsmobs:rattlesnake":1,"minecraft:phantom":1,"minecraft:skeleton":2,"alexsmobs:guster":2,"minecraft:husk":1,"minecraft:iron_golem":4,"minecraft:bat":1,"hordes:drowned_player":1,"minecraft:zombie":2,"alexsmobs:gazelle":2,"alexsmobs:roadrunner":2,"alexsmobs:komodo_dragon":1},"minecraft:custom":{"minecraft:mob_kills":23,"minecraft:interact_with_crafting_table":30,"minecraft:open_barrel":21,"minecraft:bell_ring":55,"minecraft:damage_dealt_resisted":5400,"minecraft:leave_game":5,"minecraft:time_since_death":4132,"minecraft:climb_one_cm":3829,"minecraft:sprint_one_cm":498008,"minecraft:walk_one_cm":381229,"minecraft:damage_blocked_by_shield":2048,"minecraft:drop":31,"minecraft:talked_to_villager":6,"minecraft:play_time":188166,"minecraft:sneak_time":15685,"minecraft:deaths":12,"minecraft:walk_under_water_one_cm":8620,"minecraft:boat_one_cm":30508,"minecraft:jump":3547,"minecraft:walk_on_water_one_cm":11884,"minecraft:total_world_time":188166,"minecraft:interact_with_furnace":10,"minecraft:interact_with_cartography_table":1,"minecraft:interact_with_grindstone":2,"minecraft:interact_with_stonecutter":2,"minecraft:sleep_in_bed":7,"minecraft:time_since_rest":4158,"minecraft:damage_taken":4454,"minecraft:damage_dealt":7394,"minecraft:swim_one_cm":14623,"minecraft:fly_one_cm":586479,"minecraft:open_chest":39,"minecraft:crouch_one_cm":35761,"minecraft:interact_with_smoker":1,"minecraft:fall_one_cm":85428},"minecraft:mined":{"minecraft:large_amethyst_bud":2,"minecraft:cut_sandstone_slab":1,"minecraft:deepslate_diamond_ore":4,"psg:sulphur_ore":6,"minecraft:budding_amethyst":1,"minecraft:jungle_planks":4,"minecraft:jungle_log":57,"minecraft:moss_block":1,"minecraft:sandstone":31,"minecraft:hay_block":9,"projectvibrantjourneys:orange_bark_mushroom":1,"minecraft:andesite":6,"minecraft:deepslate_iron_ore":2,"minecraft:flowering_azalea_leaves":1,"minecraft:vine":2,"minecraft:small_amethyst_bud":2,"minecraft:azalea_leaves":1,"minecraft:stone":511,"philipsruins:sand_stone_brick":1,"minecraft:green_bed":1,"minecraft:sandstone_slab":1,"farmersdelight:organic_compost":1,"minecraft:medium_amethyst_bud":2,"psg:potassium_ore":14,"minecraft:amethyst_cluster":3,"minecraft:smooth_sandstone":7,"minecraft:crafting_table":4,"projectvibrantjourneys:twigs":3,"minecraft:calcite":5,"minecraft:poppy":1,"minecraft:copper_ore":10,"minecraft:cobblestone":7,"minecraft:deepslate_gold_ore":1,"minecraft:cyan_bed":1,"minecraft:grindstone":1,"minecraft:sugar_cane":11,"minecraft:damaged_anvil":1,"minecraft:wall_torch":1,"minecraft:amethyst_block":5,"minecraft:white_terracotta":7,"minecraft:lime_bed":4,"minecraft:coarse_dirt":1,"minecraft:wheat":3,"k_turrets:titanium_ore":13,"minecraft:grass":2,"minecraft:coal_ore":106,"projectvibrantjourneys:short_grass":2,"minecraft:cyan_carpet":20,"minecraft:sand":2,"minecraft:dirt":13,"minecraft:smooth_basalt":3,"minecraft:small_dripleaf":2,"minecraft:deepslate":5}},"DataVersion":3465}