{"stats":{"minecraft:dropped":{"minecraft:wheat_seeds":1,"pointblank:glock17":1,"minecraft:feather":6,"minecraft:cobblestone":53,"philipsruins:sand_stone_brick":1,"minecraft:cut_sandstone_slab":2,"projectvibrantjourneys:orange_bark_mushroom":5,"minecraft:coal":64,"minecraft:flowering_azalea":3,"minecraft:lily_pad":3,"minecraft:stone_axe":1,"minecraft:moss_carpet":3,"minecraft:rotten_flesh":2,"minecraft:poppy":4,"max_armory:diamond_machete":1,"minecraft:azalea":7,"minecraft:chest":3,"minecraft:sandstone":1,"pointblank:workstation":2,"minecraft:wooden_pickaxe":1,"pointblank:mk23":2},"minecraft:mined":{"minecraft:large_amethyst_bud":2,"minecraft:cut_sandstone_slab":1,"minecraft:deepslate_diamond_ore":4,"minecraft:brewing_stand":1,"psg:sulphur_ore":9,"minecraft:budding_amethyst":1,"minecraft:acacia_log":5,"minecraft:jungle_planks":4,"minecraft:jungle_log":57,"minecraft:moss_block":1,"minecraft:sandstone":31,"minecraft:hay_block":9,"projectvibrantjourneys:orange_bark_mushroom":1,"minecraft:andesite":6,"minecraft:flowering_azalea_leaves":1,"minecraft:deepslate_iron_ore":8,"minecraft:vine":2,"minecraft:small_amethyst_bud":2,"minecraft:azalea_leaves":1,"minecraft:stone":512,"philipsruins:sand_stone_brick":1,"minecraft:green_bed":1,"minecraft:orange_bed":1,"minecraft:sandstone_slab":1,"farmersdelight:organic_compost":1,"minecraft:medium_amethyst_bud":2,"psg:potassium_ore":14,"minecraft:amethyst_cluster":3,"minecraft:smooth_sandstone":7,"minecraft:crafting_table":4,"projectvibrantjourneys:twigs":3,"minecraft:calcite":5,"minecraft:poppy":1,"minecraft:copper_ore":10,"minecraft:cobblestone":13,"minecraft:deepslate_gold_ore":1,"minecraft:cyan_bed":1,"minecraft:grindstone":1,"minecraft:sugar_cane":11,"minecraft:damaged_anvil":1,"minecraft:wall_torch":1,"minecraft:amethyst_block":5,"minecraft:white_terracotta":7,"minecraft:lime_bed":4,"minecraft:coarse_dirt":1,"minecraft:wheat":3,"k_turrets:titanium_ore":13,"minecraft:grass":3,"minecraft:coal_ore":126,"projectvibrantjourneys:short_grass":2,"minecraft:cyan_carpet":20,"minecraft:dirt":13,"minecraft:sand":2,"pointblank:workstation":6,"minecraft:smooth_basalt":3,"minecraft:small_dripleaf":2,"minecraft:deepslate":5},"minecraft:killed_by":{"minecraft:player":7,"hordes:husk_player":1,"mutantmonsters:mutant_skeleton":1,"minecraft:skeleton":1,"alexsmobs:komodo_dragon":2},"minecraft:killed":{"minecraft:spider":3,"alexsmobs:rattlesnake":1,"minecraft:phantom":1,"minecraft:skeleton":2,"alexsmobs:guster":2,"minecraft:husk":1,"minecraft:zombie_villager":1,"minecraft:iron_golem":4,"minecraft:bat":1,"hordes:drowned_player":1,"minecraft:zombie":3,"alexsmobs:gazelle":2,"alexsmobs:roadrunner":2,"alexsmobs:komodo_dragon":1},"minecraft:custom":{"minecraft:mob_kills":25,"minecraft:interact_with_crafting_table":35,"minecraft:open_barrel":29,"minecraft:bell_ring":56,"minecraft:damage_dealt_resisted":5400,"minecraft:leave_game":10,"minecraft:time_since_death":27330,"minecraft:climb_one_cm":9562,"minecraft:sprint_one_cm":825258,"minecraft:walk_one_cm":591946,"minecraft:damage_blocked_by_shield":2048,"minecraft:drop":38,"minecraft:talked_to_villager":29,"minecraft:play_time":282998,"minecraft:sneak_time":16477,"minecraft:deaths":16,"minecraft:walk_under_water_one_cm":13962,"minecraft:boat_one_cm":30508,"minecraft:interact_with_brewingstand":1,"minecraft:jump":5192,"minecraft:walk_on_water_one_cm":18581,"minecraft:total_world_time":282998,"minecraft:interact_with_furnace":18,"minecraft:traded_with_villager":4,"minecraft:interact_with_cartography_table":1,"minecraft:interact_with_stonecutter":2,"minecraft:interact_with_grindstone":2,"minecraft:sleep_in_bed":13,"minecraft:time_since_rest":6813,"minecraft:damage_taken":7022,"minecraft:damage_dealt":7888,"minecraft:swim_one_cm":19133,"minecraft:fly_one_cm":932584,"minecraft:open_chest":128,"minecraft:crouch_one_cm":38384,"minecraft:interact_with_smoker":1,"minecraft:fall_one_cm":144664},"minecraft:broken":{"minecraft:stone_pickaxe":2,"minecraft:leather_boots":1,"minecraft:iron_pickaxe":1},"minecraft:picked_up":{"minecraft:crafting_table":6,"minecraft:iron_chestplate":15,"pointblank:mk23":5,"minecraft:coarse_dirt":1,"minecraft:wheat":8,"minecraft:sandstone_slab":2,"minecraft:flower_pot":1,"minecraft:clay_ball":14,"minecraft:enchanted_book":3,"max_armory:diamond_machete":14,"minecraft:brewing_stand":1,"minecraft:shield":11,"minecraft:amethyst_block":5,"alexsmobs:gazelle_horn":6,"minecraft:string":8,"minecraft:moss_carpet":3,"minecraft:raw_copper":81,"minecraft:wooden_sword":1,"alexsmobs:emu_feather":1,"minecraft:gold_nugget":6,"minecraft:cobbled_deepslate":11,"minecraft:calcite":5,"minecraft:azalea":9,"minecraft:poppy":4,"minecraft:iron_pickaxe":6,"minecraft:chest":3,"minecraft:sugar_cane":25,"pointblank:workstation":6,"minecraft:stick":24,"minecraft:raw_iron":12,"minecraft:sandstone":33,"minecraft:torch":190,"minecraft:acacia_log":5,"minecraft:green_bed":1,"pointblank:gunmetal_nugget":35,"psg:sulphur":104,"farmersdelight:tomato_seeds":8,"minecraft:orange_bed":1,"minecraft:arrow":8,"minecraft:rotten_flesh":7,"k_turrets:raw_titanium":95,"minecraft:hay_block":9,"minecraft:white_terracotta":7,"minecraft:glow_berries":7,"minecraft:mutton":1,"minecraft:cobblestone":2483,"minecraft:lime_bed":4,"minecraft:feather":16,"minecraft:andesite":66,"minecraft:jungle_log":101,"minecraft:flint":3,"minecraft:lily_pad":3,"minecraft:cobblestone_wall":2,"minecraft:gunpowder":2,"minecraft:lapis_lazuli":5,"minecraft:dirt":16,"minecraft:cut_sandstone_slab":2,"minecraft:lantern":2,"farmersdelight:organic_compost":1,"minecraft:leather_boots":12,"minecraft:smooth_sandstone":8,"minecraft:bone":27,"minecraft:acacia_planks":2,"minecraft:apple":22,"minecraft:wheat_seeds":9,"minecraft:raw_gold":1,"minecraft:grindstone":1,"minecraft:iron_ingot":49,"minecraft:stone_pickaxe":1,"minecraft:moss_block":40,"minecraft:flowering_azalea":3,"minecraft:smooth_basalt":3,"minecraft:emerald_block":1,"psg:raw_potassium":180,"minecraft:sand":50,"minecraft:jungle_planks":201,"minecraft:amethyst_shard":12,"minecraft:spruce_door":1,"minecraft:cyan_bed":1,"alexsmobs:animal_dictionary":3,"minecraft:spider_eye":3,"minecraft:leather_helmet":1,"minecraft:iron_hoe":12,"minecraft:slime_ball":2,"minecraft:diamond":14,"minecraft:stone_axe":14,"minecraft:chainmail_leggings":13,"minecraft:iron_helmet":11,"philipsruins:sand_stone_brick":1,"minecraft:emerald":33,"minecraft:bread":117,"projectvibrantjourneys:orange_bark_mushroom":10,"minecraft:oak_sapling":3,"minecraft:damaged_anvil":1,"minecraft:coal":955,"minecraft:ender_pearl":1},"minecraft:used":{"minecraft:moss_block":1,"minecraft:chest":2,"minecraft:white_terracotta":7,"minecraft:shield":37,"minecraft:iron_sword":7,"minecraft:iron_chestplate":2,"minecraft:orange_bed":1,"minecraft:torch":117,"minecraft:dirt":16,"minecraft:jungle_planks":24,"minecraft:cobblestone_wall":1,"minecraft:jungle_slab":42,"minecraft:wooden_axe":10,"minecraft:smooth_sandstone":8,"minecraft:smooth_basalt":3,"pointblank:workstation":5,"minecraft:oak_sapling":3,"minecraft:furnace":3,"minecraft:potato":3,"minecraft:cobbled_deepslate":1,"minecraft:wheat_seeds":7,"minecraft:spruce_door":1,"minecraft:stone_pickaxe":343,"minecraft:sandstone":23,"minecraft:leather_boots":1,"minecraft:wooden_pickaxe":22,"minecraft:stonecutter":1,"minecraft:sugar_cane":7,"minecraft:green_bed":1,"minecraft:glow_berries":58,"minecraft:jungle_boat":1,"minecraft:sand":28,"minecraft:vine":8,"minecraft:lime_bed":4,"minecraft:crafting_table":7,"max_armory:diamond_machete":126,"minecraft:flower_pot":1,"minecraft:apple":13,"minecraft:bread":49,"minecraft:cyan_bed":1,"minecraft:iron_pickaxe":438,"minecraft:stone_axe":70,"minecraft:wooden_sword":3,"minecraft:cobblestone":115,"minecraft:sandstone_slab":1,"alexsmobs:animal_dictionary":4,"minecraft:coarse_dirt":1,"minecraft:golden_pickaxe":1,"minecraft:bone_meal":6,"minecraft:chainmail_leggings":2},"minecraft:crafted":{"max_armory:diamond_machete":2,"minecraft:furnace":3,"minecraft:stone":3,"minecraft:bone_meal":6,"minecraft:iron_boots":1,"minecraft:stone_pickaxe":3,"minecraft:chest":2,"pointblank:mk23":3,"minecraft:wheat":81,"pointblank:glock17":1,"minecraft:emerald":9,"max_armory:handle":2,"minecraft:crafting_table":4,"minecraft:jungle_boat":1,"minecraft:wooden_pickaxe":1,"minecraft:iron_helmet":1,"minecraft:stone_axe":1,"minecraft:jungle_slab":42,"minecraft:bread":29,"minecraft:air":0,"minecraft:jungle_planks":228,"minecraft:shield":1,"minecraft:stick":44,"minecraft:iron_ingot":36,"minecraft:iron_pickaxe":3,"minecraft:wooden_axe":1,"minecraft:stonecutter":1,"minecraft:acacia_planks":20,"minecraft:torch":120}},"DataVersion":3465}