{"stats":{"minecraft:mined":{"minecraft:crafting_table":2,"minecraft:grass_block":1,"minecraft:spruce_leaves":4,"minecraft:blue_bed":1,"minecraft:furnace":1,"minecraft:iron_ore":20,"minecraft:sweet_berry_bush":1,"minecraft:spruce_log":7,"k_turrets:titanium_ore":6,"minecraft:grass":4,"minecraft:coal_ore":7,"projectvibrantjourneys:short_grass":1,"minecraft:stone":31,"minecraft:fern":1},"minecraft:dropped":{"walkietalkie:wooden_walkietalkie":1,"minecraft:iron_sword":1,"minecraft:white_terracotta":1,"pointblank:ballista":2,"pointblank:gunmetal_nugget":5,"minecraft:stick":1,"minecraft:shield":5,"minecraft:gunpowder":1,"walkietalkie:netherite_walkietalkie":2,"minecraft:slime_ball":1,"tacz:modern_kinetic_gun":2,"minecraft:wooden_pickaxe":1},"minecraft:killed_by":{"minecraft:player":1},"minecraft:killed":{"minecraft:pig":2,"alexsmobs:grizzly_bear":1,"alexsmobs:shoebill":2,"alexsmobs:bald_eagle":1,"alexsmobs:mantis_shrimp":2,"minecraft:creeper":11,"minecraft:squid":1,"minecraft:phantom":12,"minecraft:skeleton":4,"minecraft:sheep":9,"alexsmobs:blue_jay":20,"minecraft:zombie":63,"alexsmobs:cachalot_whale":3,"alexsmobs:comb_jelly":2,"alexsmobs:fly":1,"minecraft:drowned":13,"minecraft:enderman":1,"minecraft:cow":6},"minecraft:custom":{"minecraft:interact_with_furnace":18,"minecraft:mob_kills":154,"minecraft:interact_with_crafting_table":10,"minecraft:damage_dealt_resisted":698,"minecraft:leave_game":4,"minecraft:time_since_death":5524,"minecraft:sleep_in_bed":1,"minecraft:climb_one_cm":132,"minecraft:damage_resisted":396,"minecraft:time_since_rest":3394,"minecraft:sprint_one_cm":144807,"minecraft:walk_one_cm":205890,"minecraft:damage_taken":995,"minecraft:damage_absorbed":1072,"minecraft:drop":19,"minecraft:damage_dealt":15,"minecraft:damage_dealt_absorbed":81,"minecraft:swim_one_cm":8158,"minecraft:talked_to_villager":1,"minecraft:fly_one_cm":800240,"minecraft:player_kills":4,"minecraft:open_chest":1,"minecraft:crouch_one_cm":8296,"minecraft:play_time":116636,"minecraft:deaths":3,"minecraft:sneak_time":3307,"minecraft:walk_under_water_one_cm":9689,"minecraft:jump":1425,"minecraft:walk_on_water_one_cm":12453,"minecraft:total_world_time":116636,"minecraft:fall_one_cm":27335},"minecraft:picked_up":{"minecraft:crafting_table":3,"minecraft:feather":5,"minecraft:leather":2,"minecraft:wooden_pickaxe":2,"minecraft:gunpowder":4,"minecraft:shield":4,"minecraft:blue_bed":1,"walkietalkie:netherite_walkietalkie":1,"minecraft:string":1,"minecraft:leather_boots":1,"minecraft:bone":3,"minecraft:spruce_planks":19,"minecraft:beef":6,"minecraft:stone_pickaxe":1,"minecraft:light_gray_wool":1,"minecraft:iron_sword":1,"minecraft:phantom_membrane":1,"minecraft:furnace":1,"minecraft:raw_iron":40,"minecraft:stick":7,"minecraft:sweet_berries":3,"pointblank:gunmetal_nugget":37,"minecraft:porkchop":2,"minecraft:spruce_sapling":10,"minecraft:spruce_log":7,"minecraft:arrow":1,"minecraft:rotten_flesh":19,"minecraft:slime_ball":1,"minecraft:stone_axe":1,"tacz:modern_kinetic_gun":1,"k_turrets:raw_titanium":12,"minecraft:bread":9,"alexsmobs:maggot":2,"minecraft:coal":18,"minecraft:mutton":6,"minecraft:white_wool":1,"minecraft:cobblestone":31},"minecraft:used":{"alexsmobs:spawn_egg_mantis_shrimp":2,"minecraft:stone_pickaxe":63,"create:empty_blaze_burner":2,"minecraft:wooden_pickaxe":4,"farmersdelight:stove":1,"alexsmobs:spawn_egg_comb_jelly":2,"minecraft:white_terracotta":3,"minecraft:zombie_spawn_egg":143,"ecologics:coconut_planks":61,"minecraft:leather_boots":1,"minecraft:iron_chestplate":1,"minecraft:crafting_table":1,"create:netherite_backtank":1,"alexsmobs:spawn_egg_blue_jay":27,"minecraft:iron_pickaxe":2,"minecraft:bread":3,"create:large_water_wheel":2,"minecraft:stone_axe":2,"minecraft:cobblestone":4,"walkietalkie:speaker":4,"minecraft:sweet_berries":2,"mutantmonsters:hulk_hammer":4,"minecraft:furnace":1,"alexsmobs:spawn_egg_shoebill":1,"sereneseasons:season_sensor":1,"minecraft:enchanted_golden_apple":15},"minecraft:crafted":{"minecraft:crafting_table":1,"minecraft:spruce_planks":48,"minecraft:wooden_pickaxe":1,"minecraft:furnace":1,"minecraft:stone_axe":1,"minecraft:air":0,"minecraft:iron_chestplate":1,"minecraft:shield":2,"minecraft:stick":4,"minecraft:iron_ingot":17,"minecraft:iron_pickaxe":1,"minecraft:stone_pickaxe":1}},"DataVersion":3465}