{"stats":{"minecraft:killed":{"minecraft:zombie":1},"minecraft:custom":{"minecraft:mob_kills":1,"minecraft:interact_with_crafting_table":3,"minecraft:leave_game":4,"minecraft:time_since_death":6720,"minecraft:time_since_rest":6745,"minecraft:sprint_one_cm":182466,"minecraft:damage_taken":1336,"minecraft:walk_one_cm":79223,"minecraft:drop":4,"minecraft:damage_dealt":201,"minecraft:swim_one_cm":11429,"minecraft:fly_one_cm":288877,"minecraft:crouch_one_cm":5988,"minecraft:play_time":38520,"minecraft:deaths":5,"minecraft:sneak_time":1453,"minecraft:walk_under_water_one_cm":1772,"minecraft:jump":1316,"minecraft:walk_on_water_one_cm":5748,"minecraft:total_world_time":38520,"minecraft:fall_one_cm":30784},"minecraft:dropped":{"minecraft:brown_mushroom":1,"minecraft:cherry_planks":11,"minecraft:blue_orchid":1,"minecraft:wooden_pickaxe":1},"minecraft:crafted":{"minecraft:cherry_planks":32,"minecraft:crafting_table":1,"minecraft:wooden_pickaxe":1,"minecraft:cherry_button":1,"minecraft:birch_planks":2,"minecraft:stick":8,"minecraft:stone_pickaxe":1,"minecraft:torch":4},"minecraft:killed_by":{"minecraft:player":1,"minecraft:spider":1,"minecraft:zombie":3},"minecraft:mined":{"minecraft:cherry_planks":2,"minecraft:cherry_log":8,"ecologics:thin_ice":1,"minecraft:crafting_table":1,"minecraft:cornflower":1,"minecraft:torch":1,"minecraft:grass_block":2,"minecraft:cobblestone":8,"minecraft:tall_grass":4,"minecraft:spruce_leaves":5,"minecraft:wall_torch":1,"minecraft:andesite":2,"minecraft:grass":8,"projectvibrantjourneys:birch_hollow_log":1,"minecraft:coal_ore":4,"projectvibrantjourneys:short_grass":4,"projectvibrantjourneys:pinecones":1,"minecraft:dirt":2,"minecraft:stone":58,"minecraft:blue_orchid":1,"minecraft:fern":2},"minecraft:picked_up":{"minecraft:wooden_axe":2,"minecraft:pink_petals":2,"minecraft:crafting_table":3,"minecraft:coarse_dirt":1,"minecraft:feather":2,"minecraft:cherry_planks":15,"minecraft:andesite":12,"minecraft:brown_wool":1,"minecraft:brown_mushroom":1,"projectvibrantjourneys:birch_hollow_log":1,"projectvibrantjourneys:rocks":1,"minecraft:dirt":4,"minecraft:wooden_sword":1,"minecraft:leather_boots":1,"minecraft:bone":1,"minecraft:blue_orchid":1,"minecraft:wheat_seeds":1,"minecraft:stone_pickaxe":1,"minecraft:bamboo":25,"minecraft:torch":2,"pointblank:gunmetal_nugget":3,"minecraft:cherry_log":8,"minecraft:spruce_log":7,"alexsmobs:animal_dictionary":1,"k_turrets:raw_titanium":13,"minecraft:mutton":1,"minecraft:coal":4,"minecraft:white_wool":2,"minecraft:cobblestone":61},"minecraft:used":{"minecraft:stone_pickaxe":70,"minecraft:wooden_pickaxe":3,"minecraft:cherry_planks":13,"minecraft:torch":4,"minecraft:dirt":4,"minecraft:crafting_table":1,"minecraft:wooden_axe":10,"minecraft:bread":5,"minecraft:cherry_button":1,"minecraft:wooden_sword":5,"minecraft:cobblestone":19,"minecraft:andesite":1,"alexsmobs:animal_dictionary":1}},"DataVersion":3465}