{"stats":{"minecraft:picked_up":{"minecraft:iron_chestplate":1,"minecraft:crafting_table":3,"minecraft:coarse_dirt":1,"minecraft:feather":1,"minecraft:jungle_log":13,"minecraft:lily_pad":3,"alexsmobs:gazelle_horn":2,"minecraft:string":2,"minecraft:dirt":13,"minecraft:cut_sandstone_slab":2,"minecraft:raw_copper":18,"minecraft:wheat_seeds":1,"minecraft:azalea":2,"minecraft:poppy":1,"minecraft:sugar_cane":4,"minecraft:flowering_azalea":2,"minecraft:stick":5,"minecraft:torch":1,"minecraft:sand":1,"minecraft:jungle_planks":2,"minecraft:stone_axe":1,"philipsruins:sand_stone_brick":1,"minecraft:white_terracotta":7,"projectvibrantjourneys:orange_bark_mushroom":1,"minecraft:mutton":1,"minecraft:coal":66,"minecraft:cobblestone":92},"minecraft:killed":{"alexsmobs:rattlesnake":1,"alexsmobs:gazelle":2,"alexsmobs:roadrunner":1},"minecraft:broken":{"minecraft:stone_pickaxe":1},"minecraft:crafted":{"max_armory:diamond_machete":1,"max_armory:handle":1,"minecraft:crafting_table":1,"minecraft:jungle_boat":1,"minecraft:wooden_pickaxe":1,"minecraft:stone_axe":1,"minecraft:jungle_planks":52,"minecraft:stick":12,"minecraft:stone_pickaxe":2,"minecraft:wooden_axe":1,"minecraft:torch":24},"minecraft:dropped":{"minecraft:stone_axe":1,"minecraft:wheat_seeds":1,"minecraft:feather":1,"minecraft:cobblestone":3,"philipsruins:sand_stone_brick":1,"minecraft:cut_sandstone_slab":2,"minecraft:poppy":1,"max_armory:diamond_machete":1,"minecraft:azalea":2,"minecraft:sandstone":1,"minecraft:flowering_azalea":2,"minecraft:lily_pad":3},"minecraft:used":{"minecraft:stone_pickaxe":158,"minecraft:wooden_pickaxe":9,"minecraft:shield":7,"minecraft:white_terracotta":1,"minecraft:jungle_boat":1,"minecraft:torch":23,"minecraft:dirt":13,"minecraft:sand":1,"minecraft:crafting_table":4,"minecraft:jungle_planks":10,"minecraft:wooden_axe":10,"minecraft:bread":4,"minecraft:stone_axe":10,"minecraft:wooden_sword":3,"minecraft:cobblestone":8,"alexsmobs:animal_dictionary":3},"minecraft:custom":{"minecraft:interact_with_furnace":1,"minecraft:mob_kills":4,"minecraft:interact_with_crafting_table":11,"minecraft:time_since_death":40018,"minecraft:climb_one_cm":322,"minecraft:time_since_rest":40018,"minecraft:sprint_one_cm":57821,"minecraft:damage_taken":50,"minecraft:walk_one_cm":116196,"minecraft:damage_blocked_by_shield":420,"minecraft:drop":12,"minecraft:damage_dealt":590,"minecraft:swim_one_cm":5806,"minecraft:fly_one_cm":105610,"minecraft:open_chest":5,"minecraft:crouch_one_cm":9009,"minecraft:play_time":40018,"minecraft:sneak_time":3550,"minecraft:walk_under_water_one_cm":2402,"minecraft:boat_one_cm":30508,"minecraft:jump":678,"minecraft:walk_on_water_one_cm":5239,"minecraft:total_world_time":40018,"minecraft:fall_one_cm":14709},"minecraft:mined":{"minecraft:cut_sandstone_slab":1,"minecraft:crafting_table":3,"projectvibrantjourneys:twigs":3,"minecraft:poppy":1,"minecraft:jungle_planks":2,"minecraft:jungle_log":13,"minecraft:copper_ore":5,"minecraft:cobblestone":2,"minecraft:sugar_cane":3,"minecraft:white_terracotta":7,"minecraft:coarse_dirt":1,"minecraft:grass":2,"minecraft:coal_ore":62,"projectvibrantjourneys:short_grass":1,"minecraft:flowering_azalea_leaves":1,"minecraft:sand":1,"minecraft:dirt":13,"minecraft:stone":89,"philipsruins:sand_stone_brick":1}},"DataVersion":3465}