{"stats":{"minecraft:killed":{"minecraft:drowned":13,"alexsmobs:fly":1,"alexsmobs:blue_jay":1,"minecraft:zombie":20,"alexsmobs:cachalot_whale":1,"minecraft:phantom":11},"minecraft:custom":{"minecraft:time_since_rest":19748,"minecraft:crouch_one_cm":2830,"minecraft:sprint_one_cm":19321,"minecraft:play_time":19748,"minecraft:damage_absorbed":1072,"minecraft:damage_taken":430,"minecraft:walk_one_cm":30284,"minecraft:sneak_time":1156,"minecraft:walk_under_water_one_cm":5414,"minecraft:mob_kills":47,"minecraft:jump":254,"minecraft:damage_dealt_resisted":349,"minecraft:damage_dealt":15,"minecraft:leave_game":2,"minecraft:walk_on_water_one_cm":10002,"minecraft:time_since_death":19748,"minecraft:total_world_time":19748,"minecraft:damage_resisted":376,"minecraft:swim_one_cm":2861,"minecraft:fall_one_cm":9130,"minecraft:fly_one_cm":79650},"minecraft:picked_up":{"minecraft:rotten_flesh":10,"pointblank:gunmetal_nugget":4,"minecraft:phantom_membrane":1,"minecraft:string":1},"minecraft:used":{"create:empty_blaze_burner":1,"minecraft:zombie_spawn_egg":109,"minecraft:enchanted_golden_apple":14,"ecologics:coconut_planks":53}},"DataVersion":3465}