{"stats":{"minecraft:mined":{"psg:potassium_ore":4,"minecraft:torch":2,"minecraft:crafting_table":2,"minecraft:grass_block":1,"minecraft:copper_ore":16,"minecraft:lapis_ore":5,"minecraft:spruce_leaves":4,"minecraft:wall_torch":1,"minecraft:blue_bed":1,"minecraft:redstone_ore":4,"minecraft:furnace":2,"minecraft:iron_ore":27,"minecraft:sweet_berry_bush":1,"minecraft:spruce_log":7,"minecraft:andesite":1,"k_turrets:titanium_ore":19,"minecraft:grass":4,"minecraft:coal_ore":32,"projectvibrantjourneys:short_grass":1,"minecraft:stone":46,"minecraft:fern":1},"minecraft:dropped":{"walkietalkie:wooden_walkietalkie":1,"minecraft:iron_sword":1,"minecraft:white_terracotta":1,"pointblank:ballista":2,"pointblank:gunmetal_nugget":5,"minecraft:stick":1,"minecraft:shield":5,"minecraft:gunpowder":1,"walkietalkie:netherite_walkietalkie":2,"minecraft:slime_ball":1,"tacz:modern_kinetic_gun":2,"minecraft:wooden_pickaxe":2},"minecraft:killed_by":{"minecraft:player":1,"minecraft:creeper":1},"minecraft:killed":{"minecraft:pig":2,"hordes:zombie_player":1,"alexsmobs:grizzly_bear":1,"alexsmobs:shoebill":2,"alexsmobs:bald_eagle":1,"alexsmobs:mantis_shrimp":2,"minecraft:creeper":11,"minecraft:squid":1,"minecraft:phantom":12,"minecraft:skeleton":5,"minecraft:sheep":9,"alexsmobs:blue_jay":20,"minecraft:zombie":69,"alexsmobs:cachalot_whale":3,"alexsmobs:comb_jelly":2,"alexsmobs:fly":1,"minecraft:drowned":13,"minecraft:enderman":1,"minecraft:cow":6},"minecraft:custom":{"minecraft:interact_with_furnace":26,"minecraft:mob_kills":162,"minecraft:interact_with_crafting_table":10,"minecraft:damage_dealt_resisted":786,"minecraft:leave_game":4,"minecraft:time_since_death":1721,"minecraft:sleep_in_bed":1,"minecraft:climb_one_cm":132,"minecraft:damage_resisted":396,"minecraft:time_since_rest":1760,"minecraft:sprint_one_cm":172491,"minecraft:walk_one_cm":246245,"minecraft:damage_taken":1513,"minecraft:damage_absorbed":1072,"minecraft:damage_blocked_by_shield":300,"minecraft:drop":20,"minecraft:damage_dealt":1403,"minecraft:damage_dealt_absorbed":81,"minecraft:swim_one_cm":8158,"minecraft:talked_to_villager":1,"minecraft:fly_one_cm":820370,"minecraft:player_kills":4,"minecraft:open_chest":1,"minecraft:crouch_one_cm":9808,"minecraft:play_time":128636,"minecraft:deaths":4,"minecraft:sneak_time":3868,"minecraft:walk_under_water_one_cm":9689,"minecraft:jump":1687,"minecraft:walk_on_water_one_cm":12453,"minecraft:total_world_time":128636,"minecraft:fall_one_cm":32717},"minecraft:picked_up":{"minecraft:iron_chestplate":1,"minecraft:crafting_table":5,"minecraft:feather":5,"farmersdelight:rice":4,"minecraft:andesite":2,"minecraft:leather":2,"minecraft:wooden_pickaxe":2,"minecraft:potato":2,"minecraft:gunpowder":6,"minecraft:shield":5,"minecraft:lapis_lazuli":64,"minecraft:blue_bed":2,"walkietalkie:netherite_walkietalkie":1,"minecraft:string":1,"minecraft:raw_copper":100,"minecraft:large_fern":2,"minecraft:leather_boots":1,"minecraft:bone":3,"minecraft:iron_ingot":4,"minecraft:spruce_planks":42,"minecraft:beef":6,"minecraft:stone_pickaxe":2,"minecraft:iron_pickaxe":1,"minecraft:light_gray_wool":1,"minecraft:iron_sword":3,"minecraft:phantom_membrane":1,"minecraft:furnace":3,"minecraft:raw_iron":56,"minecraft:stick":7,"minecraft:cooked_porkchop":1,"minecraft:sweet_berries":3,"psg:raw_potassium":14,"minecraft:torch":21,"pointblank:gunmetal_nugget":37,"minecraft:porkchop":2,"minecraft:spruce_sapling":17,"minecraft:spruce_log":7,"minecraft:redstone":36,"minecraft:arrow":1,"minecraft:rotten_flesh":21,"minecraft:slime_ball":1,"minecraft:stone_axe":2,"tacz:modern_kinetic_gun":1,"k_turrets:raw_titanium":44,"minecraft:bread":9,"minecraft:baked_potato":1,"alexsmobs:maggot":2,"minecraft:coal":87,"minecraft:mutton":6,"minecraft:white_wool":1,"minecraft:cobblestone":51},"minecraft:used":{"alexsmobs:spawn_egg_mantis_shrimp":2,"minecraft:stone_pickaxe":77,"create:empty_blaze_burner":2,"minecraft:baked_potato":4,"minecraft:shield":3,"minecraft:wooden_pickaxe":4,"farmersdelight:stove":1,"alexsmobs:spawn_egg_comb_jelly":2,"minecraft:white_terracotta":3,"minecraft:zombie_spawn_egg":143,"ecologics:coconut_planks":61,"minecraft:leather_boots":1,"minecraft:iron_chestplate":1,"minecraft:torch":19,"minecraft:crafting_table":1,"create:netherite_backtank":1,"alexsmobs:spawn_egg_blue_jay":27,"minecraft:iron_pickaxe":82,"minecraft:bread":4,"create:large_water_wheel":2,"minecraft:stone_axe":18,"minecraft:cobblestone":12,"walkietalkie:speaker":4,"minecraft:sweet_berries":2,"mutantmonsters:hulk_hammer":4,"minecraft:cooked_porkchop":1,"minecraft:furnace":3,"alexsmobs:spawn_egg_shoebill":1,"minecraft:andesite":1,"sereneseasons:season_sensor":1,"minecraft:enchanted_golden_apple":15},"minecraft:crafted":{"minecraft:crafting_table":1,"minecraft:spruce_planks":48,"minecraft:baked_potato":5,"minecraft:wooden_pickaxe":1,"minecraft:furnace":1,"minecraft:stone_axe":1,"minecraft:air":0,"minecraft:iron_chestplate":1,"minecraft:shield":2,"minecraft:stick":12,"minecraft:iron_ingot":17,"minecraft:iron_pickaxe":1,"minecraft:stone_pickaxe":1,"minecraft:torch":32}},"DataVersion":3465}