{"stats":{"minecraft:mined":{"minecraft:grass_block":1,"minecraft:spruce_leaves":4,"minecraft:redstone_ore":4,"minecraft:furnace":2,"minecraft:iron_ore":27,"minecraft:andesite":1,"minecraft:stone":46,"psg:potassium_ore":4,"minecraft:crafting_table":2,"minecraft:torch":2,"minecraft:copper_ore":16,"minecraft:lapis_ore":5,"minecraft:blue_bed":1,"minecraft:wall_torch":1,"minecraft:sweet_berry_bush":1,"minecraft:spruce_log":7,"minecraft:grass":4,"k_turrets:titanium_ore":19,"minecraft:coal_ore":32,"projectvibrantjourneys:short_grass":1,"minecraft:fern":1},"minecraft:dropped":{"walkietalkie:wooden_walkietalkie":1,"minecraft:iron_sword":1,"minecraft:stick":1,"walkietalkie:netherite_walkietalkie":2,"tacz:modern_kinetic_gun":3,"pointblank:at4":1,"minecraft:white_terracotta":1,"pointblank:ballista":2,"pointblank:gunmetal_nugget":5,"minecraft:shield":5,"minecraft:gunpowder":1,"tacz:ammo":192,"minecraft:slime_ball":1,"minecraft:wooden_pickaxe":2,"pointblank:at4_rocket":128},"minecraft:killed_by":{"minecraft:player":2,"minecraft:creeper":1,"hordes:zombie_player":3,"minecraft:zombie":2},"minecraft:killed":{"hordes:zombie_player":2,"alexsmobs:shoebill":2,"alexsmobs:bald_eagle":1,"minecraft:phantom":12,"minecraft:skeleton":5,"alexsmobs:blue_jay":20,"alexsmobs:comb_jelly":2,"minecraft:drowned":13,"minecraft:pig":2,"alexsmobs:grizzly_bear":1,"alexsmobs:mantis_shrimp":2,"minecraft:squid":1,"minecraft:creeper":11,"minecraft:sheep":9,"minecraft:zombie":71,"alexsmobs:cachalot_whale":3,"alexsmobs:fly":1,"minecraft:villager":1,"minecraft:enderman":1,"minecraft:cow":6},"minecraft:custom":{"minecraft:mob_kills":166,"minecraft:interact_with_crafting_table":10,"minecraft:damage_dealt_resisted":1178,"minecraft:leave_game":4,"minecraft:time_since_death":2483,"minecraft:climb_one_cm":132,"minecraft:damage_resisted":396,"minecraft:sprint_one_cm":199231,"minecraft:walk_one_cm":274637,"minecraft:damage_blocked_by_shield":856,"minecraft:drop":28,"minecraft:damage_dealt_absorbed":81,"minecraft:talked_to_villager":2,"minecraft:play_time":140636,"minecraft:deaths":10,"minecraft:sneak_time":4801,"minecraft:walk_under_water_one_cm":9689,"minecraft:jump":1878,"minecraft:walk_on_water_one_cm":12453,"minecraft:total_world_time":140636,"minecraft:interact_with_furnace":26,"minecraft:sleep_in_bed":2,"minecraft:time_since_rest":2529,"minecraft:damage_taken":3018,"minecraft:damage_absorbed":1072,"minecraft:damage_dealt":1602,"minecraft:player_kills":4,"minecraft:swim_one_cm":8158,"minecraft:fly_one_cm":850965,"minecraft:open_chest":1,"minecraft:crouch_one_cm":11993,"minecraft:fall_one_cm":44286},"minecraft:picked_up":{"minecraft:crafting_table":5,"minecraft:iron_chestplate":1,"minecraft:wooden_pickaxe":2,"minecraft:shield":7,"walkietalkie:netherite_walkietalkie":1,"minecraft:string":2,"minecraft:raw_copper":100,"minecraft:large_fern":2,"tacz:ammo":381,"minecraft:spruce_planks":44,"minecraft:beef":6,"minecraft:iron_pickaxe":1,"minecraft:light_gray_wool":1,"minecraft:sugar_cane":4,"minecraft:phantom_membrane":1,"farmersdelight:cabbage_seeds":2,"minecraft:furnace":3,"minecraft:stick":10,"minecraft:raw_iron":70,"projectvibrantjourneys:bark_mushroom":1,"minecraft:torch":21,"minecraft:porkchop":2,"pointblank:gunmetal_nugget":52,"psg:sulphur":13,"minecraft:redstone":36,"minecraft:arrow":1,"minecraft:rotten_flesh":28,"k_turrets:raw_titanium":44,"minecraft:mutton":6,"minecraft:white_wool":1,"minecraft:cobblestone":60,"minecraft:feather":5,"farmersdelight:rice":8,"minecraft:andesite":12,"projectvibrantjourneys:fallen_leaves":1,"minecraft:leather":2,"minecraft:potato":4,"minecraft:gunpowder":8,"minecraft:lapis_lazuli":64,"minecraft:blue_bed":2,"minecraft:leather_boots":1,"minecraft:bone":5,"minecraft:iron_ingot":4,"minecraft:stone_pickaxe":3,"minecraft:iron_sword":4,"minecraft:cooked_porkchop":1,"minecraft:sweet_berries":3,"psg:raw_potassium":14,"minecraft:spruce_sapling":19,"minecraft:spruce_log":20,"minecraft:spider_eye":2,"minecraft:slime_ball":1,"minecraft:stone_axe":3,"tacz:modern_kinetic_gun":2,"minecraft:bread":9,"alexsmobs:maggot":2,"minecraft:baked_potato":1,"minecraft:coal":104},"minecraft:used":{"alexsmobs:spawn_egg_mantis_shrimp":2,"farmersdelight:stove":1,"minecraft:shield":9,"minecraft:white_terracotta":3,"minecraft:iron_sword":3,"minecraft:zombie_spawn_egg":143,"ecologics:coconut_planks":61,"minecraft:rotten_flesh":1,"minecraft:iron_chestplate":1,"minecraft:torch":19,"create:netherite_backtank":1,"minecraft:sweet_berries":2,"mutantmonsters:hulk_hammer":4,"minecraft:furnace":3,"alexsmobs:spawn_egg_shoebill":1,"minecraft:enchanted_golden_apple":15,"minecraft:stone_pickaxe":77,"create:empty_blaze_burner":2,"minecraft:baked_potato":4,"alexsmobs:spawn_egg_comb_jelly":2,"minecraft:wooden_pickaxe":4,"minecraft:leather_boots":1,"minecraft:crafting_table":1,"alexsmobs:spawn_egg_blue_jay":27,"minecraft:bread":4,"minecraft:iron_pickaxe":82,"create:large_water_wheel":2,"minecraft:stone_axe":18,"minecraft:cobblestone":12,"walkietalkie:speaker":4,"minecraft:cooked_porkchop":1,"minecraft:andesite":6,"sereneseasons:season_sensor":1},"minecraft:crafted":{"minecraft:furnace":1,"minecraft:stone_pickaxe":1,"minecraft:crafting_table":1,"minecraft:spruce_planks":48,"minecraft:wooden_pickaxe":1,"minecraft:baked_potato":5,"minecraft:stone_axe":1,"minecraft:air":0,"minecraft:iron_chestplate":1,"minecraft:shield":2,"minecraft:stick":12,"minecraft:iron_ingot":17,"minecraft:iron_pickaxe":1,"minecraft:torch":32}},"DataVersion":3465}