{"stats":{"minecraft:picked_up":{"minecraft:coarse_dirt":1,"minecraft:crafting_table":6,"minecraft:iron_chestplate":4,"minecraft:wheat":2,"minecraft:sandstone_slab":2,"minecraft:flower_pot":1,"minecraft:clay_ball":12,"minecraft:enchanted_book":3,"max_armory:diamond_machete":3,"minecraft:shield":3,"minecraft:amethyst_block":5,"alexsmobs:gazelle_horn":6,"minecraft:string":2,"minecraft:moss_carpet":3,"minecraft:raw_copper":24,"minecraft:wooden_sword":1,"alexsmobs:emu_feather":1,"minecraft:gold_nugget":2,"minecraft:calcite":5,"minecraft:azalea":5,"minecraft:poppy":2,"minecraft:sugar_cane":24,"minecraft:stick":11,"minecraft:sandstone":23,"minecraft:torch":16,"minecraft:green_bed":1,"pointblank:gunmetal_nugget":7,"minecraft:arrow":2,"minecraft:rotten_flesh":2,"minecraft:hay_block":9,"minecraft:white_terracotta":7,"minecraft:glow_berries":7,"minecraft:mutton":1,"minecraft:cobblestone":105,"minecraft:lime_bed":4,"minecraft:feather":4,"minecraft:jungle_log":32,"minecraft:flint":3,"minecraft:lily_pad":3,"minecraft:gunpowder":2,"minecraft:cobblestone_wall":2,"minecraft:lapis_lazuli":5,"minecraft:dirt":16,"minecraft:cut_sandstone_slab":2,"minecraft:leather_boots":3,"farmersdelight:organic_compost":1,"minecraft:smooth_sandstone":8,"minecraft:bone":25,"minecraft:acacia_planks":2,"minecraft:wheat_seeds":1,"minecraft:iron_ingot":14,"minecraft:stone_pickaxe":1,"minecraft:flowering_azalea":3,"minecraft:smooth_basalt":3,"minecraft:jungle_planks":7,"minecraft:sand":28,"minecraft:amethyst_shard":12,"minecraft:cyan_bed":1,"alexsmobs:animal_dictionary":3,"minecraft:leather_helmet":1,"minecraft:iron_hoe":4,"minecraft:slime_ball":2,"minecraft:diamond":6,"minecraft:stone_axe":4,"minecraft:chainmail_leggings":2,"philipsruins:sand_stone_brick":1,"minecraft:iron_helmet":3,"minecraft:bread":43,"projectvibrantjourneys:orange_bark_mushroom":1,"minecraft:coal":130,"minecraft:ender_pearl":1},"minecraft:killed":{"alexsmobs:rattlesnake":1,"minecraft:skeleton":1,"alexsmobs:guster":1,"minecraft:husk":1,"minecraft:iron_golem":1,"hordes:drowned_player":1,"alexsmobs:gazelle":2,"alexsmobs:roadrunner":2},"minecraft:broken":{"minecraft:stone_pickaxe":1},"minecraft:killed_by":{"minecraft:player":2},"minecraft:crafted":{"max_armory:diamond_machete":2,"minecraft:stone_pickaxe":2,"minecraft:chest":2,"minecraft:wheat":81,"max_armory:handle":2,"minecraft:crafting_table":3,"minecraft:jungle_boat":1,"minecraft:wooden_pickaxe":1,"minecraft:stone_axe":1,"minecraft:jungle_slab":42,"minecraft:bread":27,"minecraft:jungle_planks":128,"minecraft:stick":16,"minecraft:wooden_axe":1,"minecraft:torch":24},"minecraft:dropped":{"minecraft:wheat_seeds":1,"minecraft:cobblestone":4,"minecraft:feather":2,"philipsruins:sand_stone_brick":1,"minecraft:cut_sandstone_slab":2,"projectvibrantjourneys:orange_bark_mushroom":1,"minecraft:flowering_azalea":3,"minecraft:lily_pad":3,"minecraft:moss_carpet":3,"minecraft:stone_axe":1,"minecraft:rotten_flesh":2,"minecraft:poppy":2,"max_armory:diamond_machete":1,"minecraft:azalea":5,"minecraft:sandstone":1},"minecraft:used":{"minecraft:chest":2,"minecraft:shield":24,"minecraft:white_terracotta":7,"minecraft:torch":23,"minecraft:dirt":16,"minecraft:jungle_planks":21,"minecraft:cobblestone_wall":1,"minecraft:jungle_slab":42,"minecraft:wooden_axe":10,"minecraft:smooth_sandstone":8,"minecraft:smooth_basalt":3,"minecraft:stone_pickaxe":211,"minecraft:wooden_pickaxe":9,"minecraft:sandstone":23,"minecraft:sugar_cane":6,"minecraft:green_bed":1,"minecraft:jungle_boat":1,"minecraft:sand":28,"minecraft:crafting_table":6,"minecraft:lime_bed":4,"max_armory:diamond_machete":40,"minecraft:flower_pot":1,"minecraft:bread":20,"minecraft:cyan_bed":1,"minecraft:stone_axe":33,"minecraft:wooden_sword":3,"minecraft:cobblestone":15,"minecraft:sandstone_slab":1,"alexsmobs:animal_dictionary":4,"minecraft:coarse_dirt":1},"minecraft:custom":{"minecraft:mob_kills":10,"minecraft:interact_with_crafting_table":18,"minecraft:bell_ring":55,"minecraft:damage_dealt_resisted":1519,"minecraft:leave_game":1,"minecraft:time_since_death":4575,"minecraft:climb_one_cm":1428,"minecraft:sprint_one_cm":234680,"minecraft:walk_one_cm":215757,"minecraft:damage_blocked_by_shield":1189,"minecraft:drop":21,"minecraft:talked_to_villager":4,"minecraft:play_time":102322,"minecraft:deaths":2,"minecraft:sneak_time":9773,"minecraft:walk_under_water_one_cm":8581,"minecraft:boat_one_cm":30508,"minecraft:jump":2036,"minecraft:walk_on_water_one_cm":10611,"minecraft:total_world_time":102322,"minecraft:interact_with_furnace":1,"minecraft:interact_with_cartography_table":1,"minecraft:sleep_in_bed":3,"minecraft:time_since_rest":4598,"minecraft:damage_taken":1181,"minecraft:damage_dealt":2891,"minecraft:swim_one_cm":14068,"minecraft:fly_one_cm":348268,"minecraft:open_chest":17,"minecraft:crouch_one_cm":15951,"minecraft:interact_with_smoker":1,"minecraft:fall_one_cm":51281},"minecraft:mined":{"minecraft:large_amethyst_bud":2,"minecraft:cut_sandstone_slab":1,"minecraft:budding_amethyst":1,"minecraft:jungle_planks":4,"minecraft:jungle_log":32,"minecraft:sandstone":21,"minecraft:hay_block":9,"minecraft:flowering_azalea_leaves":1,"minecraft:small_amethyst_bud":2,"minecraft:stone":89,"philipsruins:sand_stone_brick":1,"minecraft:green_bed":1,"minecraft:sandstone_slab":1,"farmersdelight:organic_compost":1,"minecraft:medium_amethyst_bud":2,"minecraft:amethyst_cluster":3,"minecraft:crafting_table":4,"minecraft:smooth_sandstone":7,"projectvibrantjourneys:twigs":3,"minecraft:calcite":5,"minecraft:poppy":1,"minecraft:cobblestone":2,"minecraft:copper_ore":5,"minecraft:cyan_bed":1,"minecraft:sugar_cane":11,"minecraft:amethyst_block":5,"minecraft:white_terracotta":7,"minecraft:lime_bed":4,"minecraft:coarse_dirt":1,"minecraft:grass":2,"minecraft:coal_ore":62,"projectvibrantjourneys:short_grass":1,"minecraft:sand":2,"minecraft:dirt":13,"minecraft:smooth_basalt":3,"minecraft:small_dripleaf":2}},"DataVersion":3465}