{"stats":{"minecraft:killed":{"minecraft:sheep":9,"minecraft:skeleton":2,"alexsmobs:blue_jay":20,"minecraft:zombie":61,"minecraft:pig":2,"alexsmobs:cachalot_whale":3,"alexsmobs:grizzly_bear":1,"alexsmobs:comb_jelly":2,"minecraft:drowned":13,"alexsmobs:fly":1,"alexsmobs:shoebill":2,"alexsmobs:mantis_shrimp":2,"minecraft:squid":1,"minecraft:creeper":7,"minecraft:cow":5,"minecraft:phantom":12},"minecraft:custom":{"minecraft:time_since_rest":35584,"minecraft:damage_absorbed":1072,"minecraft:sprint_one_cm":99386,"minecraft:damage_taken":600,"minecraft:walk_one_cm":131804,"minecraft:mob_kills":143,"minecraft:drop":15,"minecraft:damage_dealt":15,"minecraft:damage_dealt_absorbed":81,"minecraft:swim_one_cm":6956,"minecraft:player_kills":4,"minecraft:fly_one_cm":552968,"minecraft:play_time":87206,"minecraft:crouch_one_cm":5906,"minecraft:sneak_time":2667,"minecraft:deaths":1,"minecraft:walk_under_water_one_cm":9486,"minecraft:jump":1064,"minecraft:damage_dealt_resisted":698,"minecraft:leave_game":4,"minecraft:time_since_death":35521,"minecraft:total_world_time":87206,"minecraft:walk_on_water_one_cm":11558,"minecraft:damage_resisted":396,"minecraft:fall_one_cm":20235},"minecraft:dropped":{"walkietalkie:wooden_walkietalkie":1,"minecraft:shield":4,"minecraft:gunpowder":1,"walkietalkie:netherite_walkietalkie":2,"tacz:modern_kinetic_gun":2,"minecraft:slime_ball":1,"pointblank:ballista":2,"pointblank:gunmetal_nugget":5,"minecraft:stick":1},"minecraft:mined":{"minecraft:sweet_berry_bush":1,"minecraft:grass":3,"minecraft:grass_block":1,"minecraft:spruce_leaves":2},"minecraft:picked_up":{"minecraft:stick":1,"minecraft:feather":5,"minecraft:sweet_berries":3,"minecraft:leather":2,"minecraft:porkchop":2,"pointblank:gunmetal_nugget":37,"minecraft:shield":4,"minecraft:gunpowder":2,"walkietalkie:netherite_walkietalkie":1,"minecraft:string":1,"minecraft:leather_boots":1,"minecraft:bone":3,"minecraft:arrow":1,"minecraft:rotten_flesh":19,"minecraft:slime_ball":1,"tacz:modern_kinetic_gun":1,"minecraft:beef":6,"minecraft:bread":9,"minecraft:light_gray_wool":1,"alexsmobs:maggot":2,"minecraft:mutton":6,"minecraft:white_wool":1,"minecraft:phantom_membrane":1},"minecraft:used":{"alexsmobs:spawn_egg_mantis_shrimp":2,"alexsmobs:spawn_egg_blue_jay":27,"minecraft:bread":1,"create:empty_blaze_burner":2,"farmersdelight:stove":1,"alexsmobs:spawn_egg_comb_jelly":2,"minecraft:zombie_spawn_egg":143,"ecologics:coconut_planks":61,"minecraft:leather_boots":1,"create:large_water_wheel":2,"walkietalkie:speaker":4,"mutantmonsters:hulk_hammer":4,"minecraft:sweet_berries":2,"alexsmobs:spawn_egg_shoebill":1,"create:netherite_backtank":1,"sereneseasons:season_sensor":1,"minecraft:enchanted_golden_apple":15}},"DataVersion":3465}