{"stats":{"minecraft:mined":{"minecraft:grass_block":1,"minecraft:spruce_leaves":2,"minecraft:sweet_berry_bush":1,"minecraft:grass":3},"minecraft:dropped":{"walkietalkie:wooden_walkietalkie":1,"minecraft:white_terracotta":1,"pointblank:ballista":2,"pointblank:gunmetal_nugget":5,"minecraft:stick":1,"minecraft:shield":4,"minecraft:gunpowder":1,"walkietalkie:netherite_walkietalkie":2,"minecraft:slime_ball":1,"tacz:modern_kinetic_gun":2},"minecraft:killed":{"minecraft:pig":2,"alexsmobs:grizzly_bear":1,"alexsmobs:shoebill":2,"alexsmobs:bald_eagle":1,"alexsmobs:mantis_shrimp":2,"minecraft:creeper":11,"minecraft:squid":1,"minecraft:phantom":12,"minecraft:skeleton":4,"minecraft:sheep":9,"alexsmobs:blue_jay":20,"minecraft:zombie":63,"alexsmobs:cachalot_whale":3,"alexsmobs:comb_jelly":2,"alexsmobs:fly":1,"minecraft:drowned":13,"minecraft:enderman":1,"minecraft:cow":6},"minecraft:custom":{"minecraft:mob_kills":154,"minecraft:damage_dealt_resisted":698,"minecraft:leave_game":4,"minecraft:time_since_death":2427,"minecraft:damage_resisted":396,"minecraft:time_since_rest":2453,"minecraft:sprint_one_cm":124020,"minecraft:walk_one_cm":162493,"minecraft:damage_taken":650,"minecraft:damage_absorbed":1072,"minecraft:drop":16,"minecraft:damage_dealt":15,"minecraft:damage_dealt_absorbed":81,"minecraft:swim_one_cm":6956,"minecraft:fly_one_cm":773630,"minecraft:player_kills":4,"minecraft:crouch_one_cm":8177,"minecraft:play_time":104636,"minecraft:deaths":2,"minecraft:sneak_time":3246,"minecraft:walk_under_water_one_cm":9486,"minecraft:jump":1249,"minecraft:walk_on_water_one_cm":11558,"minecraft:total_world_time":104636,"minecraft:fall_one_cm":20898},"minecraft:picked_up":{"minecraft:feather":5,"minecraft:leather":2,"minecraft:gunpowder":4,"minecraft:shield":4,"walkietalkie:netherite_walkietalkie":1,"minecraft:string":1,"minecraft:leather_boots":1,"minecraft:bone":3,"minecraft:beef":6,"minecraft:light_gray_wool":1,"minecraft:phantom_membrane":1,"minecraft:stick":1,"minecraft:sweet_berries":3,"pointblank:gunmetal_nugget":37,"minecraft:porkchop":2,"minecraft:arrow":1,"minecraft:rotten_flesh":19,"minecraft:slime_ball":1,"tacz:modern_kinetic_gun":1,"minecraft:bread":9,"alexsmobs:maggot":2,"minecraft:mutton":6,"minecraft:white_wool":1},"minecraft:used":{"alexsmobs:spawn_egg_mantis_shrimp":2,"create:empty_blaze_burner":2,"farmersdelight:stove":1,"alexsmobs:spawn_egg_comb_jelly":2,"minecraft:white_terracotta":3,"minecraft:zombie_spawn_egg":143,"ecologics:coconut_planks":61,"minecraft:leather_boots":1,"create:netherite_backtank":1,"alexsmobs:spawn_egg_blue_jay":27,"minecraft:bread":1,"create:large_water_wheel":2,"walkietalkie:speaker":4,"minecraft:sweet_berries":2,"mutantmonsters:hulk_hammer":4,"alexsmobs:spawn_egg_shoebill":1,"sereneseasons:season_sensor":1,"minecraft:enchanted_golden_apple":15}},"DataVersion":3465}