{"stats":{"minecraft:dropped":{"minecraft:wheat_seeds":1,"minecraft:cobblestone":53,"minecraft:feather":2,"philipsruins:sand_stone_brick":1,"minecraft:cut_sandstone_slab":2,"projectvibrantjourneys:orange_bark_mushroom":4,"minecraft:flowering_azalea":3,"minecraft:lily_pad":3,"minecraft:stone_axe":1,"minecraft:moss_carpet":3,"minecraft:rotten_flesh":2,"minecraft:poppy":2,"max_armory:diamond_machete":1,"minecraft:azalea":5,"minecraft:sandstone":1,"minecraft:wooden_pickaxe":1},"minecraft:killed_by":{"minecraft:player":3,"alexsmobs:komodo_dragon":2},"minecraft:broken":{"minecraft:stone_pickaxe":2,"minecraft:iron_pickaxe":1},"minecraft:picked_up":{"minecraft:iron_chestplate":8,"minecraft:crafting_table":6,"minecraft:coarse_dirt":1,"minecraft:wheat":2,"minecraft:sandstone_slab":2,"minecraft:clay_ball":12,"minecraft:flower_pot":1,"minecraft:enchanted_book":3,"max_armory:diamond_machete":7,"minecraft:shield":7,"minecraft:amethyst_block":5,"alexsmobs:gazelle_horn":6,"minecraft:string":2,"minecraft:moss_carpet":3,"minecraft:raw_copper":24,"minecraft:wooden_sword":1,"alexsmobs:emu_feather":1,"minecraft:gold_nugget":2,"minecraft:calcite":5,"minecraft:azalea":5,"minecraft:poppy":2,"minecraft:sugar_cane":24,"minecraft:stick":11,"minecraft:sandstone":33,"minecraft:torch":89,"minecraft:green_bed":1,"pointblank:gunmetal_nugget":7,"minecraft:rotten_flesh":2,"minecraft:arrow":2,"k_turrets:raw_titanium":35,"minecraft:hay_block":9,"minecraft:white_terracotta":7,"minecraft:glow_berries":7,"minecraft:mutton":1,"minecraft:cobblestone":1179,"minecraft:lime_bed":4,"minecraft:feather":4,"minecraft:andesite":30,"minecraft:jungle_log":90,"minecraft:flint":3,"minecraft:lily_pad":3,"minecraft:cobblestone_wall":2,"minecraft:gunpowder":2,"minecraft:lapis_lazuli":5,"minecraft:dirt":16,"minecraft:cut_sandstone_slab":2,"minecraft:smooth_sandstone":8,"minecraft:leather_boots":7,"farmersdelight:organic_compost":1,"minecraft:bone":25,"minecraft:acacia_planks":2,"minecraft:wheat_seeds":1,"minecraft:stone_pickaxe":1,"minecraft:iron_ingot":34,"minecraft:moss_block":1,"minecraft:flowering_azalea":3,"minecraft:smooth_basalt":3,"psg:raw_potassium":60,"minecraft:jungle_planks":7,"minecraft:sand":28,"minecraft:amethyst_shard":12,"minecraft:cyan_bed":1,"alexsmobs:animal_dictionary":3,"minecraft:leather_helmet":1,"minecraft:iron_hoe":8,"minecraft:slime_ball":2,"minecraft:diamond":6,"minecraft:stone_axe":8,"minecraft:chainmail_leggings":6,"minecraft:iron_helmet":7,"philipsruins:sand_stone_brick":1,"minecraft:bread":79,"projectvibrantjourneys:orange_bark_mushroom":9,"minecraft:coal":498,"minecraft:ender_pearl":1},"minecraft:crafted":{"max_armory:diamond_machete":2,"minecraft:furnace":1,"minecraft:stone":3,"minecraft:bone_meal":6,"minecraft:stone_pickaxe":3,"minecraft:chest":2,"minecraft:wheat":81,"max_armory:handle":2,"minecraft:crafting_table":3,"minecraft:jungle_boat":1,"minecraft:wooden_pickaxe":1,"minecraft:stone_axe":1,"minecraft:jungle_planks":184,"minecraft:jungle_slab":42,"minecraft:bread":27,"minecraft:air":0,"minecraft:stick":24,"minecraft:iron_pickaxe":1,"minecraft:wooden_axe":1,"minecraft:stonecutter":1,"minecraft:torch":56},"minecraft:used":{"minecraft:moss_block":1,"minecraft:chest":2,"minecraft:shield":24,"minecraft:white_terracotta":7,"minecraft:torch":44,"minecraft:dirt":16,"minecraft:jungle_planks":24,"minecraft:cobblestone_wall":1,"minecraft:jungle_slab":42,"minecraft:wooden_axe":10,"minecraft:smooth_sandstone":8,"minecraft:smooth_basalt":3,"minecraft:furnace":1,"minecraft:stone_pickaxe":343,"minecraft:wooden_pickaxe":22,"minecraft:sandstone":23,"minecraft:stonecutter":1,"minecraft:sugar_cane":6,"minecraft:green_bed":1,"minecraft:jungle_boat":1,"minecraft:sand":28,"minecraft:lime_bed":4,"minecraft:crafting_table":6,"max_armory:diamond_machete":67,"minecraft:flower_pot":1,"minecraft:bread":28,"minecraft:cyan_bed":1,"minecraft:iron_pickaxe":250,"minecraft:stone_axe":62,"minecraft:wooden_sword":3,"minecraft:cobblestone":24,"minecraft:sandstone_slab":1,"alexsmobs:animal_dictionary":4,"minecraft:coarse_dirt":1,"minecraft:bone_meal":6},"minecraft:killed":{"alexsmobs:rattlesnake":1,"minecraft:skeleton":1,"alexsmobs:guster":1,"minecraft:husk":1,"minecraft:iron_golem":2,"hordes:drowned_player":1,"alexsmobs:gazelle":2,"alexsmobs:roadrunner":2,"alexsmobs:komodo_dragon":1},"minecraft:custom":{"minecraft:mob_kills":12,"minecraft:interact_with_crafting_table":26,"minecraft:bell_ring":55,"minecraft:damage_dealt_resisted":3067,"minecraft:leave_game":3,"minecraft:time_since_death":875,"minecraft:climb_one_cm":2637,"minecraft:sprint_one_cm":347305,"minecraft:walk_one_cm":321283,"minecraft:damage_blocked_by_shield":1189,"minecraft:drop":26,"minecraft:talked_to_villager":6,"minecraft:play_time":153690,"minecraft:deaths":6,"minecraft:sneak_time":11944,"minecraft:walk_under_water_one_cm":8581,"minecraft:boat_one_cm":30508,"minecraft:jump":2756,"minecraft:walk_on_water_one_cm":10651,"minecraft:total_world_time":153690,"minecraft:interact_with_furnace":7,"minecraft:interact_with_cartography_table":1,"minecraft:interact_with_stonecutter":2,"minecraft:sleep_in_bed":6,"minecraft:time_since_rest":899,"minecraft:damage_taken":2376,"minecraft:damage_dealt":4381,"minecraft:swim_one_cm":14068,"minecraft:fly_one_cm":447479,"minecraft:open_chest":33,"minecraft:crouch_one_cm":24200,"minecraft:interact_with_smoker":1,"minecraft:fall_one_cm":60564},"minecraft:mined":{"minecraft:large_amethyst_bud":2,"minecraft:cut_sandstone_slab":1,"minecraft:budding_amethyst":1,"minecraft:jungle_planks":4,"minecraft:jungle_log":57,"minecraft:moss_block":1,"minecraft:sandstone":31,"minecraft:hay_block":9,"projectvibrantjourneys:orange_bark_mushroom":1,"minecraft:andesite":6,"minecraft:flowering_azalea_leaves":1,"minecraft:vine":2,"minecraft:small_amethyst_bud":2,"minecraft:azalea_leaves":1,"minecraft:stone":410,"philipsruins:sand_stone_brick":1,"minecraft:green_bed":1,"minecraft:sandstone_slab":1,"farmersdelight:organic_compost":1,"minecraft:medium_amethyst_bud":2,"psg:potassium_ore":6,"minecraft:amethyst_cluster":3,"minecraft:smooth_sandstone":7,"minecraft:crafting_table":4,"projectvibrantjourneys:twigs":3,"minecraft:calcite":5,"minecraft:poppy":1,"minecraft:cobblestone":2,"minecraft:copper_ore":5,"minecraft:cyan_bed":1,"minecraft:sugar_cane":11,"minecraft:wall_torch":1,"minecraft:amethyst_block":5,"minecraft:white_terracotta":7,"minecraft:lime_bed":4,"minecraft:coarse_dirt":1,"minecraft:wheat":2,"k_turrets:titanium_ore":7,"minecraft:grass":2,"minecraft:coal_ore":106,"projectvibrantjourneys:short_grass":2,"minecraft:sand":2,"minecraft:dirt":13,"minecraft:smooth_basalt":3,"minecraft:small_dripleaf":2}},"DataVersion":3465}