{"stats":{"minecraft:picked_up":{"minecraft:iron_chestplate":2,"minecraft:crafting_table":3,"minecraft:coarse_dirt":1,"minecraft:wheat":2,"minecraft:feather":4,"minecraft:jungle_log":13,"minecraft:enchanted_book":3,"minecraft:flint":3,"max_armory:diamond_machete":1,"minecraft:lily_pad":3,"minecraft:shield":1,"minecraft:gunpowder":2,"minecraft:lapis_lazuli":5,"alexsmobs:gazelle_horn":2,"minecraft:string":2,"minecraft:dirt":16,"minecraft:cut_sandstone_slab":2,"minecraft:wooden_sword":1,"minecraft:raw_copper":24,"minecraft:leather_boots":1,"minecraft:bone":23,"minecraft:acacia_planks":2,"alexsmobs:emu_feather":1,"minecraft:wheat_seeds":1,"minecraft:gold_nugget":2,"minecraft:iron_ingot":10,"minecraft:stone_pickaxe":1,"minecraft:azalea":2,"minecraft:poppy":1,"minecraft:sugar_cane":7,"minecraft:flowering_azalea":2,"minecraft:stick":7,"minecraft:sandstone":3,"minecraft:torch":3,"pointblank:gunmetal_nugget":6,"minecraft:sand":22,"minecraft:jungle_planks":5,"minecraft:leather_helmet":1,"alexsmobs:animal_dictionary":1,"minecraft:iron_hoe":1,"minecraft:rotten_flesh":2,"minecraft:stone_axe":2,"minecraft:iron_helmet":1,"philipsruins:sand_stone_brick":1,"minecraft:white_terracotta":7,"projectvibrantjourneys:orange_bark_mushroom":1,"minecraft:glow_berries":7,"minecraft:mutton":1,"minecraft:coal":130,"minecraft:cobblestone":105,"minecraft:ender_pearl":1},"minecraft:killed":{"minecraft:husk":1,"alexsmobs:rattlesnake":1,"hordes:drowned_player":1,"alexsmobs:gazelle":2,"alexsmobs:roadrunner":2},"minecraft:broken":{"minecraft:stone_pickaxe":1},"minecraft:crafted":{"max_armory:diamond_machete":2,"max_armory:handle":2,"minecraft:crafting_table":2,"minecraft:jungle_boat":1,"minecraft:wooden_pickaxe":1,"minecraft:stone_axe":1,"minecraft:jungle_planks":52,"minecraft:stick":16,"minecraft:stone_pickaxe":2,"minecraft:wooden_axe":1,"minecraft:chest":2,"minecraft:torch":24},"minecraft:dropped":{"minecraft:stone_axe":1,"minecraft:wheat_seeds":1,"minecraft:rotten_flesh":2,"minecraft:feather":2,"minecraft:cobblestone":4,"philipsruins:sand_stone_brick":1,"projectvibrantjourneys:orange_bark_mushroom":1,"minecraft:cut_sandstone_slab":2,"minecraft:poppy":1,"max_armory:diamond_machete":1,"minecraft:azalea":2,"minecraft:sandstone":1,"minecraft:flowering_azalea":2,"minecraft:lily_pad":3},"minecraft:used":{"minecraft:stone_pickaxe":158,"minecraft:chest":2,"minecraft:wooden_pickaxe":9,"minecraft:shield":11,"minecraft:white_terracotta":7,"minecraft:jungle_boat":1,"minecraft:torch":23,"minecraft:dirt":13,"minecraft:sand":23,"minecraft:crafting_table":5,"minecraft:jungle_planks":10,"max_armory:diamond_machete":5,"minecraft:wooden_axe":10,"minecraft:bread":4,"minecraft:stone_axe":11,"minecraft:wooden_sword":3,"minecraft:cobblestone":15,"alexsmobs:animal_dictionary":4,"minecraft:coarse_dirt":1},"minecraft:custom":{"minecraft:interact_with_furnace":1,"minecraft:mob_kills":7,"minecraft:interact_with_crafting_table":13,"minecraft:time_since_death":52018,"minecraft:climb_one_cm":322,"minecraft:time_since_rest":52018,"minecraft:sprint_one_cm":59509,"minecraft:damage_taken":66,"minecraft:walk_one_cm":127999,"minecraft:damage_blocked_by_shield":604,"minecraft:drop":17,"minecraft:damage_dealt":1081,"minecraft:swim_one_cm":7818,"minecraft:fly_one_cm":111761,"minecraft:open_chest":7,"minecraft:crouch_one_cm":13221,"minecraft:play_time":52018,"minecraft:sneak_time":8999,"minecraft:walk_under_water_one_cm":7861,"minecraft:boat_one_cm":30508,"minecraft:jump":783,"minecraft:walk_on_water_one_cm":8240,"minecraft:total_world_time":52018,"minecraft:fall_one_cm":17484},"minecraft:mined":{"minecraft:cut_sandstone_slab":1,"minecraft:crafting_table":3,"projectvibrantjourneys:twigs":3,"minecraft:poppy":1,"minecraft:jungle_planks":2,"minecraft:jungle_log":13,"minecraft:copper_ore":5,"minecraft:cobblestone":2,"minecraft:sugar_cane":3,"minecraft:white_terracotta":7,"minecraft:coarse_dirt":1,"minecraft:grass":2,"minecraft:coal_ore":62,"projectvibrantjourneys:short_grass":1,"minecraft:flowering_azalea_leaves":1,"minecraft:sand":1,"minecraft:dirt":13,"minecraft:stone":89,"philipsruins:sand_stone_brick":1}},"DataVersion":3465}