{"stats":{"minecraft:picked_up":{"minecraft:coarse_dirt":1,"minecraft:stick":2,"minecraft:crafting_table":3,"minecraft:jungle_log":13,"minecraft:sand":1,"minecraft:raw_copper":18,"minecraft:wheat_seeds":1,"minecraft:azalea":2,"minecraft:poppy":1,"projectvibrantjourneys:orange_bark_mushroom":1,"minecraft:sugar_cane":2,"minecraft:coal":14,"minecraft:flowering_azalea":2,"minecraft:cobblestone":25},"minecraft:crafted":{"minecraft:crafting_table":1,"minecraft:stick":8,"minecraft:wooden_pickaxe":1,"minecraft:stone_pickaxe":1,"minecraft:wooden_axe":1,"minecraft:torch":8,"minecraft:stone_axe":1,"minecraft:jungle_planks":52},"minecraft:dropped":{"minecraft:poppy":1,"minecraft:wheat_seeds":1,"minecraft:azalea":2,"minecraft:cobblestone":3,"minecraft:flowering_azalea":2},"minecraft:used":{"minecraft:wooden_axe":9,"minecraft:bread":1,"minecraft:stone_pickaxe":34,"minecraft:wooden_pickaxe":9,"minecraft:stone_axe":1,"minecraft:torch":1,"minecraft:wooden_sword":3,"minecraft:sand":1,"minecraft:crafting_table":3,"minecraft:jungle_planks":10,"alexsmobs:animal_dictionary":3},"minecraft:custom":{"minecraft:time_since_rest":16018,"minecraft:sprint_one_cm":22345,"minecraft:damage_taken":10,"minecraft:walk_one_cm":44159,"minecraft:drop":5,"minecraft:interact_with_crafting_table":5,"minecraft:swim_one_cm":4418,"minecraft:fly_one_cm":43852,"minecraft:crouch_one_cm":356,"minecraft:play_time":16018,"minecraft:sneak_time":135,"minecraft:walk_under_water_one_cm":279,"minecraft:jump":263,"minecraft:time_since_death":16018,"minecraft:walk_on_water_one_cm":2063,"minecraft:total_world_time":16018,"minecraft:fall_one_cm":7485},"minecraft:mined":{"minecraft:coarse_dirt":1,"minecraft:crafting_table":3,"minecraft:grass":2,"minecraft:coal_ore":13,"minecraft:poppy":1,"minecraft:flowering_azalea_leaves":1,"minecraft:jungle_log":13,"minecraft:sand":1,"minecraft:copper_ore":5,"minecraft:stone":25,"minecraft:sugar_cane":1}},"DataVersion":3465}