{"stats":{"minecraft:picked_up":{"minecraft:feather":5,"minecraft:sweet_berries":3,"pointblank:gunmetal_nugget":32,"minecraft:shield":1,"minecraft:gunpowder":1,"minecraft:string":1,"minecraft:leather_boots":1,"minecraft:bone":3,"minecraft:arrow":1,"minecraft:rotten_flesh":18,"minecraft:slime_ball":1,"tacz:modern_kinetic_gun":1,"minecraft:beef":5,"minecraft:bread":9,"minecraft:light_gray_wool":1,"alexsmobs:maggot":2,"minecraft:mutton":2,"minecraft:phantom_membrane":1},"minecraft:custom":{"minecraft:time_since_rest":8477,"minecraft:damage_absorbed":1072,"minecraft:sprint_one_cm":63850,"minecraft:damage_taken":590,"minecraft:walk_one_cm":93734,"minecraft:mob_kills":131,"minecraft:drop":2,"minecraft:damage_dealt":15,"minecraft:damage_dealt_absorbed":81,"minecraft:swim_one_cm":2861,"minecraft:fly_one_cm":436698,"minecraft:player_kills":2,"minecraft:crouch_one_cm":5217,"minecraft:play_time":60099,"minecraft:deaths":1,"minecraft:sneak_time":2142,"minecraft:walk_under_water_one_cm":5414,"minecraft:damage_dealt_resisted":698,"minecraft:jump":718,"minecraft:leave_game":2,"minecraft:time_since_death":8414,"minecraft:walk_on_water_one_cm":10091,"minecraft:total_world_time":60099,"minecraft:damage_resisted":396,"minecraft:fall_one_cm":17543},"minecraft:used":{"alexsmobs:spawn_egg_mantis_shrimp":2,"alexsmobs:spawn_egg_blue_jay":27,"minecraft:bread":1,"create:empty_blaze_burner":2,"farmersdelight:stove":1,"alexsmobs:spawn_egg_comb_jelly":2,"minecraft:zombie_spawn_egg":143,"ecologics:coconut_planks":61,"minecraft:leather_boots":1,"create:large_water_wheel":2,"minecraft:sweet_berries":2,"mutantmonsters:hulk_hammer":4,"alexsmobs:spawn_egg_shoebill":1,"create:netherite_backtank":1,"sereneseasons:season_sensor":1,"minecraft:enchanted_golden_apple":15},"minecraft:killed":{"minecraft:sheep":5,"minecraft:skeleton":2,"alexsmobs:blue_jay":20,"minecraft:zombie":60,"minecraft:pig":1,"alexsmobs:cachalot_whale":3,"alexsmobs:comb_jelly":2,"minecraft:drowned":13,"alexsmobs:fly":1,"alexsmobs:shoebill":2,"alexsmobs:mantis_shrimp":2,"minecraft:creeper":4,"minecraft:squid":1,"minecraft:cow":3,"minecraft:phantom":12},"minecraft:mined":{"minecraft:sweet_berry_bush":1,"minecraft:grass":3,"minecraft:grass_block":1,"minecraft:spruce_leaves":2},"minecraft:dropped":{"tacz:modern_kinetic_gun":1,"minecraft:slime_ball":1}},"DataVersion":3465}