{"stats":{"minecraft:picked_up":{"minecraft:coarse_dirt":1,"minecraft:stick":2,"minecraft:crafting_table":3,"minecraft:jungle_log":13,"minecraft:torch":1,"minecraft:jungle_planks":2,"minecraft:sand":1,"minecraft:dirt":12,"minecraft:raw_copper":18,"minecraft:stone_axe":1,"minecraft:wheat_seeds":1,"minecraft:white_terracotta":7,"minecraft:azalea":2,"minecraft:poppy":1,"projectvibrantjourneys:orange_bark_mushroom":1,"minecraft:sugar_cane":4,"minecraft:coal":66,"minecraft:flowering_azalea":2,"minecraft:cobblestone":90},"minecraft:killed":{"alexsmobs:rattlesnake":1},"minecraft:broken":{"minecraft:stone_pickaxe":1},"minecraft:crafted":{"minecraft:crafting_table":1,"minecraft:stick":12,"minecraft:wooden_pickaxe":1,"minecraft:stone_pickaxe":2,"minecraft:wooden_axe":1,"minecraft:torch":16,"minecraft:stone_axe":1,"minecraft:jungle_planks":52},"minecraft:dropped":{"minecraft:poppy":1,"minecraft:stone_axe":1,"minecraft:wheat_seeds":1,"minecraft:azalea":2,"minecraft:cobblestone":3,"minecraft:flowering_azalea":2},"minecraft:used":{"minecraft:wooden_axe":10,"minecraft:bread":2,"minecraft:stone_pickaxe":154,"minecraft:shield":7,"minecraft:wooden_pickaxe":9,"minecraft:stone_axe":5,"minecraft:torch":15,"minecraft:cobblestone":4,"minecraft:wooden_sword":3,"minecraft:sand":1,"minecraft:crafting_table":4,"minecraft:jungle_planks":10,"alexsmobs:animal_dictionary":3},"minecraft:custom":{"minecraft:time_since_rest":28018,"minecraft:sprint_one_cm":39865,"minecraft:damage_taken":10,"minecraft:walk_one_cm":76560,"minecraft:damage_blocked_by_shield":420,"minecraft:mob_kills":1,"minecraft:drop":6,"minecraft:damage_dealt":215,"minecraft:interact_with_crafting_table":7,"minecraft:swim_one_cm":5222,"minecraft:fly_one_cm":74908,"minecraft:crouch_one_cm":3364,"minecraft:play_time":28018,"minecraft:sneak_time":1584,"minecraft:walk_under_water_one_cm":480,"minecraft:jump":505,"minecraft:time_since_death":28018,"minecraft:walk_on_water_one_cm":4214,"minecraft:climb_one_cm":322,"minecraft:total_world_time":28018,"minecraft:fall_one_cm":10889},"minecraft:mined":{"minecraft:white_terracotta":7,"minecraft:coarse_dirt":1,"minecraft:crafting_table":3,"minecraft:grass":2,"minecraft:jungle_planks":2,"minecraft:coal_ore":62,"minecraft:poppy":1,"minecraft:flowering_azalea_leaves":1,"minecraft:jungle_log":13,"minecraft:dirt":12,"minecraft:sand":1,"minecraft:copper_ore":5,"minecraft:stone":89,"minecraft:sugar_cane":3}},"DataVersion":3465}