{"stats":{"minecraft:picked_up":{"minecraft:stick":1,"minecraft:feather":5,"minecraft:sweet_berries":3,"minecraft:leather":2,"pointblank:gunmetal_nugget":32,"minecraft:shield":4,"minecraft:gunpowder":1,"walkietalkie:netherite_walkietalkie":1,"minecraft:string":1,"minecraft:leather_boots":1,"minecraft:bone":3,"minecraft:arrow":1,"minecraft:rotten_flesh":18,"minecraft:slime_ball":1,"tacz:modern_kinetic_gun":1,"minecraft:beef":6,"minecraft:bread":9,"minecraft:light_gray_wool":1,"alexsmobs:maggot":2,"minecraft:mutton":2,"minecraft:phantom_membrane":1},"minecraft:custom":{"minecraft:time_since_rest":21696,"minecraft:damage_absorbed":1072,"minecraft:sprint_one_cm":73907,"minecraft:damage_taken":600,"minecraft:walk_one_cm":112673,"minecraft:mob_kills":135,"minecraft:drop":13,"minecraft:damage_dealt":15,"minecraft:damage_dealt_absorbed":81,"minecraft:swim_one_cm":6956,"minecraft:fly_one_cm":493776,"minecraft:player_kills":4,"minecraft:crouch_one_cm":5403,"minecraft:play_time":73318,"minecraft:deaths":1,"minecraft:sneak_time":2299,"minecraft:walk_under_water_one_cm":9486,"minecraft:damage_dealt_resisted":698,"minecraft:jump":829,"minecraft:leave_game":3,"minecraft:time_since_death":21633,"minecraft:walk_on_water_one_cm":11558,"minecraft:total_world_time":73318,"minecraft:damage_resisted":396,"minecraft:fall_one_cm":20235},"minecraft:used":{"alexsmobs:spawn_egg_mantis_shrimp":2,"alexsmobs:spawn_egg_blue_jay":27,"minecraft:bread":1,"create:empty_blaze_burner":2,"farmersdelight:stove":1,"alexsmobs:spawn_egg_comb_jelly":2,"minecraft:zombie_spawn_egg":143,"ecologics:coconut_planks":61,"minecraft:leather_boots":1,"create:large_water_wheel":2,"walkietalkie:speaker":4,"minecraft:sweet_berries":2,"mutantmonsters:hulk_hammer":4,"alexsmobs:spawn_egg_shoebill":1,"create:netherite_backtank":1,"sereneseasons:season_sensor":1,"minecraft:enchanted_golden_apple":15},"minecraft:killed":{"minecraft:sheep":6,"minecraft:skeleton":2,"alexsmobs:blue_jay":20,"minecraft:zombie":60,"minecraft:pig":1,"alexsmobs:cachalot_whale":3,"alexsmobs:grizzly_bear":1,"alexsmobs:comb_jelly":2,"minecraft:drowned":13,"alexsmobs:fly":1,"alexsmobs:shoebill":2,"alexsmobs:mantis_shrimp":2,"minecraft:creeper":4,"minecraft:squid":1,"minecraft:cow":5,"minecraft:phantom":12},"minecraft:mined":{"minecraft:sweet_berry_bush":1,"minecraft:grass":3,"minecraft:grass_block":1,"minecraft:spruce_leaves":2},"minecraft:dropped":{"walkietalkie:wooden_walkietalkie":1,"minecraft:shield":4,"walkietalkie:netherite_walkietalkie":2,"tacz:modern_kinetic_gun":2,"minecraft:slime_ball":1,"pointblank:ballista":2,"minecraft:stick":1}},"DataVersion":3465}