{"stats":{"minecraft:custom":{"minecraft:jump":74,"minecraft:time_since_rest":8647,"minecraft:damage_taken":70,"minecraft:leave_game":4,"minecraft:sprint_one_cm":5750,"minecraft:play_time":8647,"minecraft:time_since_death":8647,"minecraft:walk_on_water_one_cm":599,"minecraft:walk_one_cm":2567,"minecraft:sneak_time":98,"minecraft:total_world_time":8647,"minecraft:climb_one_cm":68,"minecraft:walk_under_water_one_cm":58,"minecraft:fall_one_cm":2283,"minecraft:fly_one_cm":40672},"minecraft:used":{"minecraft:cobblestone_stairs":3,"minecraft:cobblestone_slab":2}},"DataVersion":3955}