{"stats":{"minecraft:custom":{"minecraft:time_since_rest":311,"minecraft:open_chest":5,"minecraft:play_time":7433,"minecraft:sprint_one_cm":19720,"minecraft:walk_one_cm":9023,"minecraft:damage_taken":500,"minecraft:deaths":2,"minecraft:mob_kills":1,"minecraft:jump":92,"minecraft:damage_dealt":253,"minecraft:time_since_death":286,"minecraft:total_world_time":7433,"minecraft:fall_one_cm":2876,"minecraft:fly_one_cm":19358},"minecraft:killed_by":{"minecraft:player":2},"minecraft:picked_up":{"minecraft:wooden_sword":1,"pointblank:ammo45acp":64,"pointblank:mk23":2,"minecraft:leather_boots":2,"minecraft:rotten_flesh":2,"pointblank:gunmetal_nugget":7,"minecraft:bread":18,"minecraft:shield":2,"alexsmobs:animal_dictionary":1},"minecraft:used":{"minecraft:wooden_sword":5,"minecraft:leather_boots":1}},"DataVersion":3465}