{"stats":{"minecraft:picked_up":{"minecraft:dirt":9},"minecraft:custom":{"minecraft:jump":91,"minecraft:time_since_rest":35303,"minecraft:crouch_one_cm":1340,"minecraft:play_time":35303,"minecraft:leave_game":3,"minecraft:sprint_one_cm":6602,"minecraft:damage_taken":43,"minecraft:time_since_death":35303,"minecraft:walk_one_cm":13620,"minecraft:sneak_time":1131,"minecraft:total_world_time":35303,"minecraft:fall_one_cm":833,"minecraft:drop":1,"minecraft:fly_one_cm":159318},"minecraft:dropped":{"minecraft:acacia_leaves":1},"minecraft:used":{"minecraft:dirt":17,"minecraft:warped_hyphae":7}},"DataVersion":3955}