{"stats":{"minecraft:picked_up":{"minecraft:rotten_flesh":1},"minecraft:killed":{"apocalypsenow:runner_41":1},"minecraft:mined":{"minecraft:light_blue_stained_glass":2},"minecraft:used":{"minecraft:rotten_flesh":1,"apocalypsenow:timahawk":1},"minecraft:custom":{"minecraft:jump":82,"minecraft:time_since_rest":1684,"minecraft:deaths":1,"minecraft:damage_dealt":67,"minecraft:crouch_one_cm":473,"minecraft:leave_game":1,"minecraft:play_time":7391,"minecraft:sprint_one_cm":15434,"minecraft:damage_taken":273,"minecraft:time_since_death":1638,"minecraft:walk_one_cm":14911,"minecraft:climb_one_cm":915,"minecraft:sneak_time":172,"minecraft:total_world_time":8920,"minecraft:mob_kills":1,"minecraft:fall_one_cm":5294,"minecraft:fly_one_cm":18421,"minecraft:open_chest":1},"minecraft:killed_by":{"apocalypsenow:runner_34":1}},"DataVersion":3465}