{"stats":{"minecraft:custom":{"minecraft:jump":43,"minecraft:time_since_rest":20287,"minecraft:crouch_one_cm":903,"minecraft:play_time":20287,"minecraft:leave_game":2,"minecraft:sprint_one_cm":2645,"minecraft:damage_taken":20,"minecraft:time_since_death":20287,"minecraft:walk_one_cm":8577,"minecraft:sneak_time":676,"minecraft:total_world_time":20287,"minecraft:drop":1,"minecraft:fly_one_cm":60976},"minecraft:dropped":{"minecraft:acacia_leaves":1},"minecraft:used":{"minecraft:warped_hyphae":7}},"DataVersion":3955}