{"stats":{"minecraft:picked_up":{"apocalypsenow:trash":1,"apocalypsenow:pack_of_canned_food":1,"minecraft:crafting_table":1,"apocalypsenow:copperwire":1,"apocalypsenow:canned_melon":1,"apocalypsenow:electric_fence":1,"minecraft:music_disc_13":1,"apocalypsenow:textilethread":1,"apocalypsenow:slitting_pears":1,"apocalypsenow:radio":1,"minecraft:spider_eye":1,"apocalypsenow:ducttape":1,"minecraft:gunpowder":13,"apocalypsenow:survival_knife":2,"minecraft:redstone":2,"minecraft:iron_horse_armor":1,"apocalypsenow:iron_baseball_bat":1,"minecraft:music_disc_cat":3,"minecraft:string":7,"minecraft:name_tag":1,"apocalypsenow:splint":1,"apocalypsenow:timahawk":1,"apocalypsenow:canned_corn":1,"minecraft:bone":6,"apocalypsenow:jet_pilot_chestplate":1,"minecraft:rotten_flesh":27,"minecraft:beetroot_seeds":3,"apocalypsenow:human_flesh":1,"tacz:modern_kinetic_gun":1,"apocalypsenow:money":1,"apocalypsenow:us_army_boots":1,"minecraft:iron_ingot":3,"apocalypsenow:canned_beans":1,"apocalypsenow:rubber_hammer":1,"minecraft:golden_apple":2,"minecraft:bread":1,"apocalypsenow:fire_figther_helmet":1,"apocalypsenow:old_west_hat_helmet":1,"minecraft:chest":3,"apocalypsenow:rusty_chestplate":1,"minecraft:coal":2},"minecraft:killed":{"minecraft:skeleton":2,"minecraft:zombie":1,"apocalypsenow:runner_40":1,"apocalypsenow:runner_48":1,"apocalypsenow:runner_41":1,"minecraft:spider":2,"apocalypsenow:runner_39":1},"minecraft:mined":{"minecraft:light_blue_stained_glass":2,"minecraft:blue_stained_glass":6,"minecraft:gray_stained_glass_pane":4,"minecraft:crafting_table":1,"minecraft:gray_stained_glass":6,"minecraft:chest":3,"minecraft:cobweb":1},"minecraft:dropped":{"apocalypsenow:slitting_pears":1,"minecraft:string":7,"minecraft:music_disc_cat":2,"minecraft:music_disc_13":2},"minecraft:used":{"apocalypsenow:wooden_fire_axe":9,"apocalypsenow:trash":11,"minecraft:rotten_flesh":1,"minecraft:golden_apple":2,"minecraft:crafting_table":1,"apocalypsenow:survival_knife":29,"apocalypsenow:timahawk":7},"minecraft:custom":{"minecraft:time_since_rest":13684,"minecraft:damage_absorbed":81,"minecraft:sprint_one_cm":74724,"minecraft:damage_taken":460,"minecraft:walk_one_cm":52420,"minecraft:mob_kills":9,"minecraft:drop":6,"minecraft:damage_dealt":1738,"minecraft:fly_one_cm":65701,"minecraft:open_chest":6,"minecraft:crouch_one_cm":4751,"minecraft:play_time":19391,"minecraft:deaths":1,"minecraft:sneak_time":1473,"minecraft:jump":307,"minecraft:leave_game":1,"minecraft:time_since_death":13638,"minecraft:climb_one_cm":7869,"minecraft:total_world_time":20920,"minecraft:fall_one_cm":11077},"minecraft:killed_by":{"apocalypsenow:runner_34":1}},"DataVersion":3465}