{"stats":{"minecraft:killed":{"minecraft:sheep":2},"minecraft:custom":{"minecraft:time_since_rest":3095,"minecraft:sprint_one_cm":56475,"minecraft:damage_taken":788,"minecraft:walk_one_cm":24366,"minecraft:damage_blocked_by_shield":90,"minecraft:mob_kills":2,"minecraft:drop":6,"minecraft:damage_dealt":294,"minecraft:interact_with_crafting_table":6,"minecraft:fly_one_cm":133243,"minecraft:open_chest":1,"minecraft:crouch_one_cm":1725,"minecraft:play_time":16711,"minecraft:deaths":2,"minecraft:sneak_time":541,"minecraft:walk_under_water_one_cm":91,"minecraft:damage_dealt_resisted":3,"minecraft:jump":646,"minecraft:walk_on_water_one_cm":144,"minecraft:time_since_death":3065,"minecraft:climb_one_cm":699,"minecraft:total_world_time":16711,"minecraft:fall_one_cm":31430},"minecraft:dropped":{"minecraft:wheat_seeds":1,"minecraft:howl_pottery_sherd":1,"minecraft:wooden_axe":1,"minecraft:wooden_pickaxe":1,"minecraft:brick":3,"minecraft:stick":1},"minecraft:crafted":{"minecraft:crafting_table":1,"minecraft:stick":12,"minecraft:wooden_pickaxe":1,"minecraft:stone_pickaxe":2,"minecraft:wooden_axe":1,"minecraft:birch_planks":20,"minecraft:stone_axe":1},"minecraft:killed_by":{"minecraft:zombie":1},"minecraft:mined":{"minecraft:pink_petals":1,"minecraft:birch_log":5,"minecraft:cherry_log":4,"minecraft:andesite":5,"minecraft:birch_leaves":1,"minecraft:pumpkin":1,"psg:sulphur_ore":3,"minecraft:crafting_table":2,"k_turrets:titanium_ore":3,"minecraft:grass":1,"minecraft:decorated_pot":1,"projectvibrantjourneys:short_grass":2,"projectvibrantjourneys:pinecones":1,"minecraft:dirt":3,"minecraft:cobblestone":1,"minecraft:stone":60},"minecraft:picked_up":{"minecraft:birch_log":5,"minecraft:pink_petals":6,"minecraft:stick":1,"minecraft:crafting_table":4,"minecraft:pumpkin":1,"minecraft:andesite":8,"psg:raw_potassium":9,"minecraft:brown_wool":2,"minecraft:birch_planks":4,"psg:sulphur":11,"minecraft:cherry_log":8,"minecraft:brick":3,"projectvibrantjourneys:rocks":1,"alexsmobs:animal_dictionary":1,"minecraft:dirt":3,"minecraft:howl_pottery_sherd":1,"minecraft:leather_boots":2,"minecraft:bone":2,"minecraft:stone_axe":2,"minecraft:wheat_seeds":1,"k_turrets:raw_titanium":9,"minecraft:stone_pickaxe":1,"minecraft:bread":18,"minecraft:mutton":3,"minecraft:birch_sapling":6,"minecraft:white_wool":2,"minecraft:cobblestone":120},"minecraft:used":{"minecraft:wooden_axe":5,"minecraft:birch_planks":4,"minecraft:stone_pickaxe":32,"minecraft:shield":2,"minecraft:wooden_pickaxe":47,"minecraft:leather_boots":1,"minecraft:rotten_flesh":4,"minecraft:stone_axe":5,"minecraft:dirt":3,"minecraft:cobblestone":27,"minecraft:crafting_table":2,"minecraft:pumpkin":1}},"DataVersion":3465}