{"stats":{"minecraft:killed":{"hordes:zombie_player":1,"minecraft:sheep":3,"minecraft:zombie":1,"minecraft:chicken":1},"minecraft:custom":{"minecraft:mob_kills":6,"minecraft:interact_with_crafting_table":6,"minecraft:damage_dealt_resisted":3,"minecraft:time_since_death":15065,"minecraft:climb_one_cm":917,"minecraft:time_since_rest":15095,"minecraft:sprint_one_cm":83544,"minecraft:damage_taken":818,"minecraft:walk_one_cm":63263,"minecraft:damage_blocked_by_shield":90,"minecraft:drop":26,"minecraft:damage_dealt":953,"minecraft:player_kills":1,"minecraft:fly_one_cm":151075,"minecraft:open_chest":1,"minecraft:crouch_one_cm":4569,"minecraft:play_time":28711,"minecraft:deaths":2,"minecraft:sneak_time":1340,"minecraft:walk_under_water_one_cm":91,"minecraft:jump":853,"minecraft:walk_on_water_one_cm":144,"minecraft:total_world_time":28711,"minecraft:fall_one_cm":35461},"minecraft:dropped":{"minecraft:bread":13,"minecraft:wheat_seeds":1,"alexsmobs:animal_dictionary":1,"minecraft:crafting_table":2,"minecraft:birch_sapling":2,"minecraft:cobblestone":3,"psg:raw_potassium":9,"minecraft:coal":3,"pointblank:gunmetal_nugget":3,"projectvibrantjourneys:rocks":1,"minecraft:stick":6,"minecraft:torch":2,"minecraft:howl_pottery_sherd":1,"minecraft:wooden_axe":2,"minecraft:brown_wool":1,"minecraft:leather_boots":1,"k_turrets:raw_titanium":3,"minecraft:wooden_sword":1,"minecraft:stone_pickaxe":1,"minecraft:wooden_pickaxe":1,"minecraft:pink_petals":2,"minecraft:white_wool":1,"minecraft:brick":3,"minecraft:bone":1},"minecraft:crafted":{"minecraft:crafting_table":1,"minecraft:wooden_pickaxe":1,"minecraft:birch_planks":20,"minecraft:stone_axe":1,"minecraft:stick":12,"minecraft:stone_pickaxe":2,"minecraft:wooden_axe":1},"minecraft:killed_by":{"minecraft:zombie":1},"minecraft:mined":{"minecraft:cherry_planks":9,"minecraft:cherry_log":4,"psg:sulphur_ore":11,"minecraft:crafting_table":2,"minecraft:decorated_pot":1,"minecraft:cobblestone":8,"minecraft:spruce_leaves":1,"minecraft:pink_petals":1,"minecraft:birch_log":5,"minecraft:sweet_berry_bush":10,"minecraft:spruce_log":7,"minecraft:birch_leaves":1,"minecraft:andesite":11,"minecraft:pumpkin":1,"minecraft:grass":1,"k_turrets:titanium_ore":13,"projectvibrantjourneys:short_grass":3,"projectvibrantjourneys:pinecones":1,"minecraft:dirt":3,"minecraft:stone":77},"minecraft:picked_up":{"minecraft:wooden_axe":2,"minecraft:birch_log":5,"minecraft:pink_petals":8,"minecraft:crafting_table":7,"minecraft:feather":2,"minecraft:chicken":1,"minecraft:cherry_planks":20,"minecraft:andesite":14,"minecraft:brown_wool":3,"minecraft:birch_planks":4,"minecraft:shield":1,"minecraft:brick":3,"projectvibrantjourneys:rocks":2,"minecraft:dirt":3,"minecraft:wooden_sword":2,"minecraft:leather_boots":4,"minecraft:bone":3,"minecraft:wheat_seeds":1,"minecraft:stone_pickaxe":3,"minecraft:birch_sapling":8,"minecraft:stick":9,"minecraft:pumpkin":1,"minecraft:sweet_berries":26,"psg:raw_potassium":24,"minecraft:torch":5,"pointblank:gunmetal_nugget":6,"psg:sulphur":46,"minecraft:cherry_log":8,"minecraft:spruce_log":7,"alexsmobs:animal_dictionary":3,"minecraft:howl_pottery_sherd":1,"minecraft:stone_axe":2,"k_turrets:raw_titanium":22,"minecraft:bread":35,"minecraft:mutton":4,"minecraft:coal":6,"minecraft:white_wool":4,"minecraft:cobblestone":177},"minecraft:used":{"minecraft:birch_planks":4,"minecraft:stone_pickaxe":87,"minecraft:wooden_pickaxe":47,"minecraft:shield":2,"minecraft:leather_boots":1,"minecraft:rotten_flesh":4,"minecraft:torch":1,"minecraft:dirt":3,"minecraft:crafting_table":2,"minecraft:wooden_axe":5,"minecraft:chicken":1,"minecraft:stone_axe":32,"minecraft:cobblestone":40,"minecraft:sweet_berries":8,"minecraft:pumpkin":1}},"DataVersion":3465}