{"minecraft:recipes/decorations/crafting_table":{"criteria":{"unlock_right_away":"2024-11-04 02:32:17 +0000"},"done":true},"minecraft:adventure/adventuring_time":{"criteria":{"minecraft:deep_frozen_ocean":"2024-11-04 22:22:06 +0000","minecraft:sunflower_plains":"2024-11-04 22:42:33 +0000","minecraft:plains":"2024-11-04 02:32:17 +0000"},"done":false},"minecraft:recipes/decorations/ladder":{"criteria":{"has_stick":"2024-11-04 22:46:47 +0000"},"done":true},"minecraft:recipes/decorations/campfire":{"criteria":{"has_stick":"2024-11-04 22:46:47 +0000"},"done":true},"minecraft:recipes/tools/wooden_hoe":{"criteria":{"has_stick":"2024-11-04 22:46:47 +0000"},"done":true},"minecraft:recipes/tools/wooden_pickaxe":{"criteria":{"has_stick":"2024-11-04 22:46:47 +0000"},"done":true},"minecraft:recipes/tools/wooden_axe":{"criteria":{"has_stick":"2024-11-04 22:46:47 +0000"},"done":true},"minecraft:recipes/tools/wooden_shovel":{"criteria":{"has_stick":"2024-11-04 22:46:47 +0000"},"done":true},"minecraft:recipes/combat/wooden_sword":{"criteria":{"has_stick":"2024-11-04 22:46:47 +0000"},"done":true},"minecraft:recipes/building_blocks/warped_planks":{"criteria":{"has_logs":"2024-11-04 22:22:57 +0000"},"done":true},"DataVersion":3955}