{
  "mutantmonsters:root": {
    "criteria": {
      "killed_something": "2024-10-07 16:46:07 -0500"
    },
    "done": true
  },
  "minecraft:recipes/decorations/crafting_table": {
    "criteria": {
      "unlock_right_away": "2024-10-07 16:43:26 -0500"
    },
    "done": true
  },
  "minecraft:adventure/root": {
    "criteria": {
      "killed_something": "2024-10-07 16:46:07 -0500"
    },
    "done": true
  },
  "betterdungeons:root": {
    "criteria": {
      "always": "2024-10-07 16:43:26 -0500"
    },
    "done": true
  },
  "minecraft:adventure/kill_a_mob": {
    "criteria": {
      "minecraft:blaze": "2024-10-07 16:46:07 -0500",
      "minecraft:pillager": "2024-10-07 16:46:07 -0500",
      "minecraft:skeleton": "2024-10-07 16:46:07 -0500",
      "minecraft:elder_guardian": "2024-10-07 16:46:07 -0500",
      "minecraft:zoglin": "2024-10-07 16:46:07 -0500",
      "minecraft:ravager": "2024-10-07 16:46:07 -0500",
      "minecraft:ghast": "2024-10-07 16:46:07 -0500",
      "minecraft:hoglin": "2024-10-07 16:46:07 -0500",
      "minecraft:guardian": "2024-10-07 16:46:07 -0500",
      "minecraft:vindicator": "2024-10-07 16:46:07 -0500",
      "minecraft:magma_cube": "2024-10-07 16:46:07 -0500",
      "minecraft:piglin_brute": "2024-10-07 16:46:07 -0500",
      "minecraft:spider": "2024-10-07 16:46:07 -0500",
      "minecraft:creeper": "2024-10-07 16:46:07 -0500",
      "minecraft:wither": "2024-10-07 16:46:07 -0500",
      "minecraft:evoker": "2024-10-07 16:46:07 -0500",
      "minecraft:slime": "2024-10-07 16:46:07 -0500",
      "minecraft:phantom": "2024-10-07 16:46:07 -0500",
      "minecraft:zombified_piglin": "2024-10-07 16:46:07 -0500",
      "minecraft:witch": "2024-10-07 16:46:07 -0500",
      "minecraft:wither_skeleton": "2024-10-07 16:46:07 -0500",
      "minecraft:husk": "2024-10-07 16:46:07 -0500",
      "minecraft:ender_dragon": "2024-10-07 16:46:07 -0500",
      "minecraft:shulker": "2024-10-07 16:46:07 -0500",
      "minecraft:cave_spider": "2024-10-07 16:46:07 -0500",
      "minecraft:piglin": "2024-10-07 16:46:07 -0500",
      "minecraft:enderman": "2024-10-07 16:46:07 -0500",
      "minecraft:silverfish": "2024-10-07 16:46:07 -0500",
      "minecraft:stray": "2024-10-07 16:46:07 -0500",
      "minecraft:endermite": "2024-10-07 16:46:07 -0500",
      "minecraft:vex": "2024-10-07 16:46:07 -0500",
      "minecraft:zombie": "2024-10-07 16:46:07 -0500",
      "minecraft:drowned": "2024-10-07 16:46:07 -0500",
      "minecraft:zombie_villager": "2024-10-07 16:46:07 -0500"
    },
    "done": true
  },
  "minecraft:adventure/adventuring_time": {
    "criteria": {
      "minecraft:wooded_badlands": "2024-10-07 16:43:45 -0500"
    },
    "done": false
  },
  "DataVersion": 3465
}